depth index,current depth,current Joint positions,current joint effort,zero effort
0,0.096564530970000034,0.00091939134867642777,-0.090009287062999349,-0.091614154307591539
0,0.096559345810000016,0.0035068929981853492,-0.039455968858346332,-0.091614154307591539
0,0.096555456940000006,0.0065697288561027915,-0.03740268282482416,-0.091614154307591539
0,0.096554160650000012,0.009529852366793044,-0.023784912234681776,-0.091614154307591539
0,0.096551568069999996,0.012508510436381435,-0.011890013833586928,-0.091614154307591539
0,0.096554160650000012,0.015587177896691038,-0.012409235589190201,-0.091614154307591539
0,0.096554160650000012,0.018538420264575934,0.0016333528009908102,-0.091614154307591539
0,0.096554160650000012,0.021599711575918525,0.0057163238791444644,-0.091614154307591539
0,0.096555456940000006,0.024581844875300331,0.015675941191172368,-0.091614154307591539
0,0.096555456940000006,0.027667076658553023,0.015864749102301103,-0.091614154307591539
0,0.096556753230000014,0.030779724143509213,0.014472290757728115,-0.091614154307591539
0,0.096559345810000016,0.033792362237744192,0.021458183469482528,-0.091614154307591539
0,0.09656323468000004,0.036862148555248442,0.02296864675851007,-0.091614154307591539
0,0.096567123550000036,0.039848529357711042,0.032786658137191838,-0.091614154307591539
0,0.096571012420000046,0.043011374606349684,0.024998331803141559,-0.091614154307591539
0,0.096577493869999975,0.046134833917329789,0.020797355780532895,-0.091614154307591539
0,0.096587345673999986,0.049221224110513634,0.02067935083607756,-0.091614154307591539
0,0.096595641930000017,0.052380980266002589,0.013363044279848173,-0.091614154307591539
0,0.096602123380000043,0.055259628944869785,0.032857461103864907,-0.091614154307591539
0,0.096611197410000058,0.058390038715436687,0.027193223770010416,-0.091614154307591539
0,0.096621567729999983,0.061438201380893086,0.030874978037015798,-0.091614154307591539
0,0.096631938050000019,0.064438096965885594,0.038568900415501664,-0.091614154307591539
0,0.096645937982000052,0.067481239854973771,0.042533866549199988,-0.091614154307591539
0,0.096656567559999976,0.07031007690680223,0.067385707851487148,-0.091614154307591539
0,0.09666823417000002,0.072909934928909875,0.11553172518925199,-0.091614154307591539
0,0.096677308200000034,0.075418278566458025,0.17229210347225388,-0.091614154307591539
0,0.096685085939999971,0.07788183035333561,0.23341866470010242,-0.091614154307591539
0,0.096694743300499986,0.080299818016255312,0.29900581282836114,-0.091614154307591539
0,0.096706993241000044,0.082817428933252529,0.35314648134445553,-0.091614154307591539
0,0.096712308030000041,0.085235030459528516,0.41991367891726733,-0.091614154307591539
0,0.096716391343499963,0.087625988557388387,0.4862560586900404,-0.091614154307591539
0,0.09671885429450007,0.089867511774132061,0.56940234255324873,-0.091614154307591539
0,0.096724363526999979,0.092392845424003514,0.62222135569144332,-0.091614154307591539
0,0.09673090979149998,0.094990386626248896,0.66862089985126949,-0.091614154307591539
0,0.096739206047500012,0.097234998936142208,0.74994990756986613,-0.091614154307591539
0,0.096778937336000043,0.099702025952813272,0.80637987200839345,-0.091614154307591539
0,0.096785418786000027,0.10250499184951298,0.83571590119998229,-0.091614154307591539
0,0.096788400253000048,0.10493881111482492,0.89743248715010715,-0.091614154307591539
0,0.096807390901500007,0.1072911555483137,0.96528533021190766,-0.091614154307591539
0,0.096814714940000032,0.10976744984443379,1.0243822063951253,-0.091614154307591539
0,0.09681601123000004,0.1123066844134788,1.0729530415329287,-0.091614154307591539
0,0.096819900100000036,0.11466752385312926,1.1412307023947688,-0.091614154307591539
0,0.096826122292000064,0.1170685215037256,1.20731347128974,-0.091614154307591539
0,0.096832344483999994,0.11955524148922592,1.2616901496947448,-0.091614154307591539
0,0.096841288885000001,0.12196318959940917,1.324728391022769,-0.091614154307591539
0,0.096854316599500043,0.12438967226849047,1.3851705235727767,-0.091614154307591539
0,0.096863779516499979,0.12678024422970663,1.4495068192898091,-0.091614154307591539
0,0.096872659102999983,0.12919128143303954,1.511247006228825,-0.091614154307591539
1,0.10643059416000004,0.0013109339053996108,-0.12906892367770556,-0.091614154307591539
1,0.10642929787000006,0.0034165370235569223,-0.064473017082870981,-0.091614154307591539
1,0.10643059416000004,0.0060932362377631392,-0.058289557993413343,-0.091614154307591539
1,0.10643448302999999,0.0087548761228646126,-0.049675197048175926,-0.091614154307591539
1,0.10643448302999999,0.011318051163819733,-0.030086376268595311,-0.091614154307591539
1,0.10643707561,0.014089739992378909,-0.031974455379879897,-0.091614154307591539
1,0.10643966819000002,0.016713152349752968,-0.020173960934349457,-0.091614154307591539
1,0.10644355706,0.019350851762944352,-0.0078778457221068895,-0.091614154307591539
1,0.10644757555900002,0.02211520399527302,-0.0089398902222045662,-0.091614154307591539
1,0.1064528255335,0.024717764973886676,0.0048902892679575666,-0.091614154307591539
1,0.10645911254000004,0.027453156957936996,0.0072739891459542797,-0.091614154307591539
1,0.10646572361900004,0.030271568320385238,-0.0012695688326093951,-0.091614154307591539
1,0.10647207543999999,0.032937069571923827,0.0080056198015773065,-0.091614154307591539
1,0.10648082539749999,0.035630372661809614,0.01343384724652146,-0.091614154307591539
1,0.10648892721,0.03833564598765047,0.017516818324675006,-0.091614154307591539
1,0.10649800124000001,0.041057523189170893,0.019593705347088531,-0.091614154307591539
1,0.10650824193099999,0.043892152290654997,0.010837738468505102,-0.091614154307591539
1,0.10652003817000003,0.046645306560316048,0.010436521657356725,-0.091614154307591539
1,0.10653300107000001,0.049394599463539968,0.0094216791350412044,-0.091614154307591539
1,0.10654401953499996,0.052189070354078104,0.0043002645456810063,-0.091614154307591539
1,0.10656022315999999,0.054717106960455494,0.026154780258803322,-0.091614154307591539
1,0.10657448235000007,0.057311559069551231,0.040645787437914971,-0.091614154307591539
1,0.10659049153149999,0.060033822407715376,0.041825836882468104,-0.091614154307591539
1,0.10660416739100005,0.062403156853527431,0.080791069541609986,-0.091614154307591539
1,0.10661427845300001,0.064594868443232353,0.13604098453558394,-0.091614154307591539
1,0.1066228987815,0.066882341920577654,0.1808828634286003,-0.091614154307591539
1,0.10662763024000002,0.068994509361678044,0.24375589783438709,-0.091614154307591539
1,0.10663871351950005,0.071159191386323178,0.30042187216182481,-0.091614154307591539
1,0.10664707459000007,0.073394536416767478,0.35026716069974606,-0.091614154307591539
1,0.106655630104,0.075480060429451795,0.41590151080578686,-0.091614154307591539
1,0.10666301895700001,0.077542030106869747,0.48174826981184732,-0.091614154307591539
1,0.1066690467055,0.079560366343548336,0.55436851262964271,-0.091614154307591539
1,0.10667300039000002,0.081760572939414869,0.60690431390114485,-0.091614154307591539
1,0.10667876888050003,0.083853047411686005,0.67131141258485039,-0.091614154307591539
1,0.10668550958850002,0.086011551250031765,0.72908663339016833,-0.091614154307591539
1,0.10669192622400001,0.088237629001026996,0.7788375179725251,-0.091614154307591539
1,0.10670171321350001,0.090361380541438704,0.83854801986690963,-0.091614154307591539
1,0.10671201871900005,0.092599814665032698,0.88756727379364331,-0.091614154307591539
1,0.10672174089399997,0.094706190056477429,0.94751378557693899,-0.091614154307591539
1,0.106731981585,0.096871258217766265,1.0049585925377815,-0.091614154307591539
1,0.10674338893700001,0.098932455621896787,1.0700973218771106,-0.091614154307591539
1,0.10675544443400001,0.10107010808148213,1.127990547626883,-0.091614154307591539
1,0.10676633326999999,0.10326143353454331,1.181187176587335,-0.091614154307591539
1,0.10677858321050002,0.1053067993362817,1.247765566249019,-0.091614154307591539
1,0.10679018500600004,0.10744522406915449,1.3053283781543168,-0.091614154307591539
1,0.10680301827699998,0.10950178783356049,1.3708211223270115,-0.091614154307591539
1,0.10681390711300001,0.11170006374620847,1.4208788197649516,-0.091614154307591539
1,0.10682453669100005,0.11372071680274934,1.4903837320491271,-0.091614154307591539
1,0.10683594404299998,0.11577187465414332,1.5537287862327351,-0.091614154307591539
2,0.11641591603000001,0.0013317852841600165,-0.13131101762235659,-0.091614154307591539
2,0.11641591603000001,0.0031423800065219524,-0.065841874438552841,-0.091614154307591539
2,0.11641721231999999,0.0054924076201484729,-0.051822887037262746,-0.091614154307591539
2,0.11641850860999998,0.0079358803015531047,-0.04818833474803929,-0.091614154307591539
2,0.11641980490000001,0.010262739716556953,-0.032611682079938378,-0.091614154307591539
2,0.11642369377000002,0.012667984870234178,-0.026310218046025614,-0.091614154307591539
2,0.11642499006000004,0.015071685477336555,-0.018545492700866355,-0.091614154307591539
2,0.11642887893000002,0.017488514730325113,-0.012621644489209624,-0.091614154307591539
2,0.11643276780000007,0.019839700753882767,-0.00058514015476863362,-0.091614154307591539
2,0.11643665666999996,0.022361559173960779,-0.0045029043106847993,-0.091614154307591539
2,0.11644184182999999,0.024703477918069365,0.01062532956848513,-0.091614154307591539
2,0.11644702699000001,0.027166643568303266,0.010460122646248078,-0.091614154307591539
2,0.11645221215000001,0.029734066112339197,0.000783717200912779,-0.091614154307591539
2,0.11645998989000003,0.032094133278702225,0.011522167146345757,-0.091614154307591539
2,0.11646673059800006,0.034563090978591789,0.013433847246521571,-0.091614154307591539
2,0.11647424907999997,0.03701660321273291,0.015156719435568877,-0.091614154307591539
2,0.11648461940000002,0.03939211584484438,0.025352346636507556,-0.091614154307591539
2,0.11649498972000003,0.041893895159449406,0.021977405225085574,-0.091614154307591539
2,0.11650795261999998,0.044503406597649876,0.0089496593572197594,-0.091614154307591539
2,0.11651961923000001,0.046883939006129569,0.018413655902535304,-0.091614154307591539
2,0.11653070250950004,0.04935057988615689,0.018248448980298031,-0.091614154307591539
2,0.11654295245000008,0.051634191997065079,0.036444811415306103,-0.091614154307591539
2,0.11655332277000001,0.053967615735012006,0.050156985961012555,-0.091614154307591539
2,0.1165623968,0.056000239027507906,0.095400081665176953,-0.091614154307591539
2,0.11656887825000002,0.057904664954291654,0.1519008490703774,-0.091614154307591539
2,0.11657535970000006,0.059887862756392518,0.20221815738611956,-0.091614154307591539
2,0.116584044843,0.061704635665053832,0.26655445310315179,-0.091614154307591539
2,0.11659428553400004,0.063674318684624809,0.31734378119671575,-0.091614154307591539
2,0.11660258179000002,0.065688407418222544,0.36275208382311741,-0.091614154307591539
2,0.11661042434450004,0.067599011531305681,0.41764798398372555,-0.091614154307591539
2,0.11661891504399999,0.069323111645476304,0.49210910393502372,-0.091614154307591539
2,0.11662410020399998,0.071220200976029574,0.54846826540687732,-0.091614154307591539
2,0.11663025758150003,0.073094508244603867,0.60756514159009412,-0.091614154307591539
2,0.11663492422550001,0.074950667090923712,0.66770046128451821,-0.091614154307591539
2,0.11663972049850005,0.076845053464970975,0.72479125341199491,-0.091614154307591539
2,0.11664535936000005,0.078684994572254988,0.78723947001774275,-0.091614154307591539
2,0.11665410931749998,0.080636143032927793,0.83767478327794032,-0.091614154307591539
2,0.11666324816199999,0.08260003400284309,0.88794488961590079,-0.091614154307591539
2,0.11667154441800001,0.084463915582037183,0.9466169479990787,-0.091614154307591539
2,0.11667893327100003,0.086429737235171014,0.99672184741480108,-0.091614154307591539
2,0.11668716471249996,0.08837123227975105,1.0485024170417896,-0.091614154307591539
2,0.11669721095999999,0.090159431076777763,1.1144907819811967,-0.091614154307591539
2,0.11671172940800004,0.092156143661408521,1.1593090598853215,-0.091614154307591539
2,0.11672222935700008,0.094003807501566727,1.2207188329798628,-0.091614154307591539
2,0.11673227560449999,0.095848382248575212,1.2805001378409202,-0.091614154307591539
2,0.11674303481150002,0.0977053133681825,1.3397386199574839,-0.091614154307591539
2,0.11675346994600003,0.099488492388840929,1.4072138471970277,-0.091614154307591539
2,0.11676422915299997,0.10141917560739708,1.4582627861683928,-0.091614154307591539
2,0.11677537724700002,0.10327919582015403,1.5178552831183221,-0.091614154307591539
3,0.12642197853999998,0.0013344882406659947,-0.13204264827797929,-0.091614154307591539
3,0.1264238581605,0.002914173250088619,-0.063694184449466243,-0.091614154307591539
3,0.12642327483000002,0.0049811627038748073,-0.044671787403271282,-0.091614154307591539
3,0.12642457112,0.0072365868397920776,-0.046158649703407696,-0.091614154307591539
3,0.12642586741000003,0.0093692195230091757,-0.032894893946631538,-0.091614154307591539
3,0.12642845999000005,0.011491812653489778,-0.020126758956567303,-0.091614154307591539
3,0.12643234886000002,0.013761523845224366,-0.021188803456664872,-0.091614154307591539
3,0.12643623773000007,0.015922730640076092,-0.01292845734479336,-0.091614154307591539
3,0.12643883031,0.018103630403757096,-0.0052109339774170215,-0.091614154307591539
3,0.12644323769599999,0.020240896726698727,0.007509999034865167,-0.091614154307591539
3,0.12645030247650005,0.022542657259861341,0.0020817715899213432,-0.091614154307591539
3,0.12645438578999996,0.024642468328362983,0.017965237113605322,-0.091614154307591539
3,0.12646216353,0.026894031097843146,0.017044798546853999,-0.091614154307591539
3,0.12646903386700001,0.029220118239559573,0.010271314735119235,-0.091614154307591539
3,0.12647512642999997,0.031400631866596848,0.017210005469091384,-0.091614154307591539
3,0.1264843949035,0.033647947132996195,0.017847232169150094,-0.091614154307591539
3,0.12649333930449996,0.035833480536401716,0.024361105103082734,-0.091614154307591539
3,0.12650234852,0.038069983976777147,0.025942371358784112,-0.091614154307591539
3,0.12651336698499999,0.040257448063401237,0.031606608692638392,-0.091614154307591539
3,0.12652438544999994,0.04254839677053994,0.027830450470068803,-0.091614154307591539
3,0.12653786686600005,0.044660950348284045,0.041047004249063136,-0.091614154307591539
3,0.12654810755700002,0.046775048472602998,0.055420006483719121,-0.091614154307591539
3,0.12656035749749997,0.048821572684272493,0.076424886596763636,-0.091614154307591539
3,0.12656768153600001,0.050602048748424965,0.12339085448997537,-0.091614154307591539
3,0.12657163522050005,0.052343525011562586,0.17394417269462834,-0.091614154307591539
3,0.12657727408200006,0.053988080977128705,0.23608557644479239,-0.091614154307591539
3,0.12658466293500001,0.05570638904164367,0.2883381658496017,-0.091614154307591539
3,0.12659412585200006,0.057501924434900854,0.33374646847600314,-0.091614154307591539
3,0.12660060730200001,0.05931020233740051,0.37677107122440756,-0.091614154307591539
3,0.12660734801000001,0.060860927098544793,0.44875408734214395,-0.091614154307591539
3,0.12661123688000003,0.06256070060416162,0.50178550938035871,-0.091614154307591539
3,0.12661583870949994,0.064199078383428337,0.56215683896369284,-0.091614154307591539
3,0.12662257941749996,0.066005425602709472,0.60494543182318661,-0.091614154307591539
3,0.12662601458599998,0.067701723878532863,0.66071456857276389,-0.091614154307591539
3,0.12662912568200005,0.069281408887955503,0.72571169197874619,-0.091614154307591539
3,0.12663217196350002,0.070955311238443661,0.78322730190626211,-0.091614154307591539
3,0.12663826452650001,0.072807608718326408,0.82247574643209675,-0.091614154307591539
3,0.12664169969500003,0.07452321382633538,0.87524755759250983,-0.091614154307591539
3,0.12665051446700001,0.076262759406254446,0.92365318580807598,-0.091614154307591539
3,0.12666023664200002,0.077976819967688599,0.97729823355745837,-0.091614154307591539
3,0.12666956992999995,0.079595504778126033,1.0406196867521751,-0.091614154307591539
3,0.12668013469350001,0.08134393150085048,1.0885060932121384,-0.091614154307591539
3,0.12669005131199998,0.083078843441044992,1.1371005293388334,-0.091614154307591539
3,0.12669776423749995,0.08461875637616538,1.2076202841453236,-0.091614154307591539
3,0.12670910677499997,0.086439390651263825,1.2502200690936889,-0.091614154307591539
3,0.12671694932950006,0.088152678939410548,1.3010565991650351,-0.091614154307591539
3,0.12672407892450005,0.089769046929985691,1.362867589070724,-0.091614154307591539
3,0.12673457887349998,0.09140317720617161,1.4222476771206334,-0.091614154307591539
3,0.12674281031499998,0.093125346637123657,1.4731314091697614,-0.091614154307591539
3,0.12674929176500002,0.094700398006821757,1.5392141780647326,-0.091614154307591539
4,0.13641507815000004,0.0013545673461389789,-0.13317549574475024,-0.091614154307591539
4,0.13641637444000002,0.0027431147169245458,-0.065747470482988513,-0.091614154307591539
4,0.13641767073000005,0.0045907785570827603,-0.042783708291986154,-0.091614154307591539
4,0.13642026330999996,0.0066496591413510138,-0.041698062802997357,-0.091614154307591539
4,0.13642155960000002,0.008640193539682383,-0.034452559213441362,-0.091614154307591539
4,0.13642026330999996,0.010590955863711497,-0.023666907290226663,-0.091614154307591539
4,0.13642415218000001,0.012562955703144718,-0.013400477122614699,-0.091614154307591539
4,0.13642415218000001,0.01464886585247276,-0.0156425710672656,-0.091614154307591539
4,0.13642804105,0.016595766810064756,-0.0033936578328050771,-0.091614154307591539
4,0.13643192992000003,0.018604449630650555,0.0023649834566140562,-0.091614154307591539
4,0.13643581879000002,0.020603479035143573,0.0097284919906250496,-0.091614154307591539
4,0.13644100394999997,0.022700973283782948,0.006377151568094314,-0.091614154307591539
4,0.13644631873899998,0.024621230812958868,0.020938961713879139,-0.091614154307591539
4,0.13645526314000006,0.026687447993457642,0.020820956769423807,-0.091614154307591539
4,0.13645986496950002,0.028790734291752679,0.018531660846990525,-0.091614154307591539
4,0.13646563346000001,0.030861198975332276,0.017800030191367833,-0.091614154307591539
4,0.13647457786100009,0.032899228180840137,0.019688109302652735,-0.091614154307591539
4,0.13648358707649996,0.034900574405195409,0.026390790147714095,-0.091614154307591539
4,0.13649285555000007,0.036962930219257048,0.026862809925534997,-0.091614154307591539
4,0.13650348512800001,0.03885808886659177,0.043643113027080037,-0.091614154307591539
4,0.13651625358449998,0.040668297452309973,0.069155782018316944,-0.091614154307591539
4,0.13653154980650001,0.042717524620485461,0.070312230473978804,-0.091614154307591539
4,0.13654185531200005,0.044593376435634595,0.090231465098034411,-0.091614154307591539
4,0.13655248489000002,0.046121705271443623,0.14297967526955585,-0.091614154307591539
4,0.13655669783249996,0.047684786405186655,0.19435902808539632,-0.091614154307591539
4,0.13656142929100001,0.049271035737552357,0.24248144443426947,-0.091614154307591539
4,0.13656771629749997,0.050931423305510634,0.28139947511562974,-0.091614154307591539
4,0.13657523477950001,0.052527712190612842,0.32746860543098094,-0.091614154307591539
4,0.13658359584999996,0.053941358443239641,0.39402339410377335,-0.091614154307591539
4,0.13658618842999998,0.055459647726312192,0.44804605767541217,-0.091614154307591539
4,0.13659137358999998,0.056939709481657309,0.50655290913635276,-0.091614154307591539
4,0.13659766059650003,0.058522869720873318,0.5537312859295842,-0.091614154307591539
4,0.13660122539400002,0.060013743302242371,0.61105808794597138,-0.091614154307591539
4,0.13660466056249998,0.06149534960416235,0.66939973248467433,-0.091614154307591539
4,0.13661470681000004,0.063078509843378372,0.71629489741121244,-0.091614154307591539
4,0.13661600310000002,0.064538492493250527,0.77565138447223181,-0.091614154307591539
4,0.13661613272900003,0.066184206868747764,0.81721272590939054,-0.091614154307591539
4,0.13662047530050009,0.0677673671079638,0.86533514225826402,-0.091614154307591539
4,0.13662559564600002,0.06922966657769819,0.92372398877474926,-0.091614154307591539
4,0.13663026229000003,0.070878856182988836,0.9643648916451566,-0.091614154307591539
4,0.13663687336900002,0.072449273912962395,1.0132425396385445,-0.091614154307591539
4,0.13664432703650004,0.074037067791902972,1.0604917193984484,-0.091614154307591539
4,0.13665210477650008,0.075599762789002295,1.1092513624473808,-0.091614154307591539
4,0.13666286398350003,0.077203002133691301,1.1534324136514473,-0.091614154307591539
4,0.13667180838449999,0.078621282026042641,1.2190903647463798,-0.091614154307591539
4,0.13668127130150004,0.080098254688238071,1.2754495262182335,-0.091614154307591539
4,0.13668801200950001,0.081608435101792665,1.3303454263788412,-0.091614154307591539
4,0.13669857677300004,0.08321823876942476,1.3738892508828491,-0.091614154307591539
4,0.13670622488400003,0.084645013667937738,1.4360542556219043,-0.091614154307591539
4,0.13671218781800001,0.086077580616106417,1.496874003994169,-0.091614154307591539
4,0.13671905815500004,0.087645295389573941,1.5447604104541317,-0.091614154307591539
5,0.14641465920999999,0.0013530227995641338,-0.13364751552257154,-0.091614154307591539
5,0.14641595550000006,0.0025797789166346974,-0.063906593349485327,-0.091614154307591539
5,0.14641725179000001,0.0042706712794461539,-0.042382491480837885,-0.091614154307591539
5,0.14641595550000006,0.0061546319641132222,-0.040282003469533569,-0.091614154307591539
5,0.14641725179000001,0.0080007512576965902,-0.034806574046807356,-0.091614154307591539
5,0.14641984437000002,0.0098001480173909028,-0.022180044990089697,-0.091614154307591539
5,0.14642114066000006,0.011592208180854704,-0.010851570322380164,-0.091614154307591539
5,0.14642373323999996,0.013514396393249178,-0.01219682668917077,-0.091614154307591539
5,0.14642762211000002,0.015360515686832549,-0.0058009586996935836,-0.091614154307591539
5,0.14643280727000005,0.017183080645149534,0.0025537913677423502,-0.091614154307591539
5,0.14643669613999999,0.019022635615789811,0.0096812900128427828,-0.091614154307591539
5,0.14643799243000005,0.020894626064501834,0.014472290757728004,-0.091614154307591539
5,0.14644311277549998,0.022823764736483121,0.010696132535158196,-0.091614154307591539
5,0.14644732571799998,0.02459883488762362,0.025092735758705752,-0.091614154307591539
5,0.14645484420000002,0.026514458777075013,0.024054292247499099,-0.091614154307591539
5,0.14646132564999995,0.028442052902481439,0.023417065547440392,-0.091614154307591539
5,0.14646651080999998,0.030394745909729109,0.017752828213585894,-0.091614154307591539
5,0.14647422373550006,0.032218083141333523,0.025682760480982208,-0.091614154307591539
5,0.14648206628999999,0.034114400198599355,0.027216824758901553,-0.091614154307591539
5,0.14649334401299993,0.035634234028246739,0.066040451484696866,-0.091614154307591539
5,0.14650410321999999,0.037539818364961626,0.067456510818160439,-0.091614154307591539
5,0.14651058467000005,0.039184760467171439,0.093393997609436716,-0.091614154307591539
5,0.14651836241000005,0.040652851986561531,0.13750424584682974,-0.091614154307591539
5,0.14652354757000005,0.042072290288844003,0.18645269680689072,-0.091614154307591539
5,0.14652873273000008,0.043563936143500473,0.22898167878858292,-0.091614154307591539
5,0.14653651046999996,0.045049017675213826,0.26976418759233639,-0.091614154307591539
5,0.1465442233955,0.046471158934002291,0.31923186030800055,-0.091614154307591539
5,0.14655446408649997,0.048534287021351354,0.3040328234621571,-0.091614154307591539
5,0.14655206594999998,0.049466034742626529,0.39940441957093509,-0.091614154307591539
5,0.14655595482000006,0.050870413715804266,0.4513265951312696,-0.091614154307591539
5,0.14655893628699998,0.052289852018086724,0.49947261246903452,-0.091614154307591539
5,0.14656224182650007,0.053596152283761814,0.56003274996349739,-0.091614154307591539
5,0.14656632514000006,0.054938363257302024,0.61516466001301617,-0.091614154307591539
5,0.14656762143000002,0.056346217460273171,0.66484474162869989,-0.091614154307591539
5,0.14657241770300003,0.057734378694415014,0.7153980598333527,-0.091614154307591539
5,0.14657533435550002,0.059177757468607581,0.76182120498207029,-0.091614154307591539
5,0.14657792693550006,0.060537730727758497,0.81652829723154952,-0.091614154307591539
5,0.14658188061999999,0.061923575142038077,0.86717601939176703,-0.091614154307591539
5,0.14658667689299995,0.063349191630619944,0.91631327826295583,-0.091614154307591539
5,0.14659361204450003,0.064786006081869421,0.96294883231169293,-0.091614154307591539
5,0.14660074163950002,0.066369166321085443,0.99374812281452751,-0.091614154307591539
5,0.14660800086350001,0.067835327157256958,1.0371975433629712,-0.091614154307591539
5,0.14661577860350006,0.06917483517429121,1.0928958771458754,-0.091614154307591539
5,0.14662401004499998,0.070524768880705663,1.1483818020287606,-0.091614154307591539
5,0.14663269518800004,0.072004444499407058,1.1904859662104132,-0.091614154307591539
5,0.14663988959750002,0.073415387795527892,1.2378531509147732,-0.091614154307591539
5,0.14664747289399999,0.074778836284472211,1.2927254500864902,-0.091614154307591539
5,0.14665453767450001,0.076174720251488318,1.3428067485133217,-0.091614154307591539
5,0.14666179689850001,0.077559406255836738,1.3931240568290639,-0.091614154307591539
5,0.14666892649350005,0.07886416197493698,1.4533773814679434,-0.091614154307591539
5,0.146677157935,0.08015887814130071,1.5115774200732999,-0.091614154307591539
6,0.15639738849999998,0.0013765771348305193,-0.13633802825615213,-0.091614154307591539
6,0.15639738849999998,0.0024801556625572018,-0.068910002994390859,-0.091614154307591539
6,0.15639868479000005,0.0039926528959740712,-0.042736506314204115,-0.091614154307591539
6,0.15639998108,0.0057310400659620108,-0.039573973802801782,-0.091614154307591539
6,0.15640127737000004,0.0074624767763631404,-0.035066184924609049,-0.091614154307591539
6,0.15640386995000005,0.0091359929902075938,-0.025389779479274188,-0.091614154307591539
6,0.15640646253000007,0.010795994421522157,-0.012739649433665174,-0.091614154307591539
6,0.15640905511000008,0.012488431330908453,-0.004314096399556505,-0.091614154307591539
6,0.15641424027000003,0.014295550823476989,-0.0079486486887800686,-0.091614154307591539
6,0.15641553655999998,0.015963661124309483,0.0019637666454656792,-0.091614154307591539
6,0.15641942543000006,0.017708226480596799,0.0053623090457787913,-0.091614154307591539
6,0.15642577725100001,0.019383673377659803,0.015675941191172254,-0.091614154307591539
6,0.15643005500800003,0.021142525789764437,0.017422414369110916,-0.091614154307591539
6,0.15643627720000006,0.02292879390357257,0.016195162946775636,-0.091614154307591539
6,0.15644172161799996,0.024580686465369195,0.02752363761448496,-0.091614154307591539
6,0.15644846232600004,0.026349192293566599,0.028278869258999119,-0.091614154307591539
6,0.15645572155000001,0.028133143587512472,0.027193223770010301,-0.091614154307591539
6,0.15646090671000001,0.029957253092404296,0.022543828958471335,-0.091614154307591539
6,0.15646998073999999,0.031460869183015813,0.049236547394261018,-0.091614154307591539
6,0.15648022143100004,0.033046346242094106,0.067834126640417353,-0.091614154307591539
6,0.15648942509000005,0.034690902207660204,0.081758710086143244,-0.091614154307591539
6,0.15649849912000002,0.03625050811160984,0.10120592493237805,-0.091614154307591539
6,0.15650737870649997,0.037590402265287808,0.14541057712533551,-0.091614154307591539
6,0.15651152683450006,0.038821019748795468,0.20096730497489346,-0.091614154307591539
6,0.15651567496250007,0.040126547741183113,0.24760285902363011,-0.091614154307591539
6,0.15652416566200006,0.041508530789025597,0.28538804223821879,-0.091614154307591539
6,0.156528573048,0.042839543799898204,0.3305367339868191,-0.091614154307591539
6,0.15653349895000002,0.044231952537120887,0.36836911917918985,-0.091614154307591539
6,0.15653998039999997,0.045589995113053269,0.40938763787185417,-0.091614154307591539
6,0.15654386927000005,0.046907107204752232,0.45545676818720554,-0.091614154307591539
6,0.15655022109099995,0.048197189731391463,0.50270594794710999,-0.091614154307591539
6,0.15655125812299994,0.049405025152920168,0.55913591238563698,-0.091614154307591539
6,0.15655313774349996,0.050746849989816691,0.60185370227845736,-0.091614154307591539
6,0.15655553587999999,0.052057397758572564,0.64730920688264126,-0.091614154307591539
6,0.15655935993550005,0.053280292509206004,0.70277153077663479,-0.091614154307591539
6,0.15655961919350003,0.054520949545450191,0.7549297162258799,-0.091614154307591539
6,0.15656460991000007,0.055813735028595393,0.80234410290802205,-0.091614154307591539
6,0.15656681360300009,0.057115401654545928,0.8494988787123624,-0.091614154307591539
6,0.15656849878000001,0.058452206715074173,0.89271228937189462,-0.091614154307591539
6,0.15659572086999998,0.059753101067737312,0.93925343946506756,-0.091614154307591539
6,0.15659572086999998,0.061035846998146001,0.987729870647307,-0.091614154307591539
6,0.15659500791050004,0.062403156853527417,1.0273795319842898,-0.091614154307591539
6,0.15659766530499999,0.06374073418734312,1.0704277357215852,-0.091614154307591539
6,0.15660129491700001,0.065001470329060271,1.1206270390928723,-0.091614154307591539
6,0.15660719303650009,0.066491957773785595,1.1485234079621063,-0.091614154307591539
6,0.15661218375300001,0.067780109617206263,1.1966222233220889,-0.091614154307591539
6,0.15661853557399999,0.068992964815103225,1.2514945224938068,-0.091614154307591539
6,0.15662417443549997,0.070197325006838535,1.3072872602322749,-0.091614154307591539
6,0.15662955403899997,0.071534130067366794,1.3508546857251735,-0.091614154307591539
6,0.15663558178750006,0.072874796494332164,1.3921564162845306,-0.091614154307591539
6,0.15664329471300004,0.074079542822711203,1.4471939223784851,-0.091614154307591539
6,0.15665016504999998,0.075475040653083553,1.4837754551596298,-0.091614154307591539
6,0.15665606316950004,0.076729984745145044,1.5354144188532712,-0.091614154307591539
7,0.16640345100999998,0.0013827553211298988,-0.13596041243389503,-0.091614154307591539
7,0.16640474730000004,0.0023863244581353734,-0.071222899905714968,-0.091614154307591539
7,0.16640733988000006,0.0037675352326904271,-0.042830910269768416,-0.091614154307591539
7,0.16640863616999996,0.0053672993475860345,-0.036765456124765665,-0.091614154307591539
7,0.16640993246000008,0.006975172331999578,-0.033579322624472302,-0.091614154307591539
7,0.16641122874999997,0.0085567880246407609,-0.02501216365701716,-0.091614154307591539
7,0.16641382132999999,0.010109443469003594,-0.014816536456078703,-0.091614154307591539
7,0.16641511762000005,0.011669049372953237,-0.004809717166268975,-0.091614154307591539
7,0.16641958982050001,0.013338318083716863,-0.0055413478218918916,-0.091614154307591539
7,0.16642548793999992,0.014953527664360918,-0.0025912242105092017,-0.091614154307591539
7,0.16642918236650001,0.016520470164541074,0.0077696099126666387,-0.091614154307591539
7,0.16643274716400003,0.01813992724826595,0.01081413747961397,-0.091614154307591539
7,0.16643715455000005,0.019692582692628788,0.021741395336175241,-0.091614154307591539
7,0.16644195082300001,0.021377296869140867,0.018460857880317458,-0.091614154307591539
7,0.16645011745000005,0.023024555791212958,0.01824844898029792,-0.091614154307591539
7,0.16645530261000005,0.024550567807159713,0.031205391881490567,-0.091614154307591539
7,0.16646308035000001,0.026217133561417368,0.031158189903708521,-0.091614154307591539
7,0.16647299696849999,0.027787937428034641,0.03819128459324464,-0.091614154307591539
7,0.16647889508799998,0.029208148003604523,0.064081569406738897,-0.091614154307591539
7,0.16648796911799998,0.030767753907554162,0.07222391057415474,-0.091614154307591539
7,0.16649633018850002,0.032272914544740509,0.088036573131165655,-0.091614154307591539
7,0.16650177460649998,0.033554888201861789,0.12591616030131897,-0.091614154307591539
7,0.16650715421000004,0.034727199052169068,0.17547823697254725,-0.091614154307591539
7,0.16650845049999999,0.035941984933284578,0.21786561302089341,-0.091614154307591539
7,0.16651752453000007,0.03723052291334894,0.25350310624639522,-0.091614154307591539
7,0.16652400598,0.03838970511777004,0.3045048432399784,-0.091614154307591539
7,0.16652698744700006,0.039554679371846813,0.3539961169445337,-0.091614154307591539
7,0.16652919114,0.04078452458206705,0.3959350742039493,-0.091614154307591539
7,0.16653560777550003,0.042034062761116583,0.4367647849854851,-0.091614154307591539
7,0.16653982071800003,0.043302521635707955,0.47459717017785563,-0.091614154307591539
7,0.16654733920000003,0.044534683665790484,0.51759817193736946,-0.091614154307591539
7,0.16655168177150009,0.045708539062672603,0.56616900707517348,-0.091614154307591539
7,0.16655382064999996,0.046916760620845023,0.60952402366805225,-0.091614154307591539
7,0.16655641322999998,0.048119962402649215,0.65438950354995984,-0.091614154307591539
7,0.16655900580999999,0.04930540189884268,0.7016150823209728,-0.091614154307591539
7,0.16656289468000005,0.05057579145665262,0.7392822605911068,-0.091614154307591539
7,0.16656678355000001,0.051839616691519444,0.77876671500585182,-0.091614154307591539
7,0.16657145019399994,0.053016175044907542,0.82679472739916127,-0.091614154307591539
7,0.166574950177,0.054176129522616065,0.87616799615926144,-0.091614154307591539
7,0.16657974645000004,0.055366202658534057,0.92037264835221877,-0.091614154307591539
7,0.16658493161000004,0.056607245831421946,0.96233520660052552,-0.091614154307591539
7,0.16659108898749994,0.057840180134791884,1.0045809767155247,-0.091614154307591539
7,0.16659983894500005,0.059132965617937086,1.0403836768632644,-0.091614154307591539
7,0.16660567225000009,0.060309523971325198,1.0869956299231103,-0.091614154307591539
7,0.16661241295799997,0.061526240535659249,1.1296426168492577,-0.091614154307591539
7,0.16662019069799999,0.062749521422936425,1.1733516482755029,-0.091614154307591539
7,0.16663218138050007,0.063939980695498097,1.2207660349576446,-0.091614154307591539
7,0.16663704246800007,0.06509607380676953,1.2686288404287165,-0.091614154307591539
7,0.16664222762800004,0.066444849103252837,1.2980120715980876,-0.091614154307591539
7,0.16664819056200003,0.067595536301512271,1.3478573601360091,-0.091614154307591539
7,0.16665454238300004,0.068698342555951558,1.4011011910742424,-0.091614154307591539
7,0.16666057013150007,0.069774505381974744,1.4582155841906106,-0.091614154307591539
7,0.16666530159000004,0.071048370169578073,1.4961187723496547,-0.091614154307591539
7,0.16667048675000007,0.072200215777768667,1.5442411886985283,-0.091614154307591539
8,0.17640043949000003,0.0014159630724890633,-0.13905214197862409,-0.091614154307591539
8,0.17640173577999996,0.00228129529104592,-0.070774481116784638,-0.091614154307591539
8,0.17640043949000003,0.003583734190283884,-0.045615826958913509,-0.091614154307591539
8,0.17640303207000005,0.0050502811630991169,-0.03697786502478486,-0.091614154307591539
8,0.17640303207000005,0.0065488774773423842,-0.031124819779801638,-0.091614154307591539
8,0.17640562465000006,0.0080733449467143021,-0.028599513968458567,-0.091614154307591539
8,0.17640821723000008,0.0095070703048140848,-0.015618970078374692,-0.091614154307591539
8,0.17640951351999995,0.010975161824204164,-0.0075474318776321313,-0.091614154307591539
8,0.17641469867999995,0.012456768126124135,-0.00020752433251182865,-0.091614154307591539
8,0.17641858755000006,0.014032591769109645,-0.0036768696994977901,-0.091614154307591539
8,0.17642247642,0.015517287164179305,0.0051499001457590383,-0.091614154307591539
8,0.17642377271000009,0.0170066161989735,0.010601728579593886,-0.091614154307591539
8,0.17642895786999993,0.018522974798827491,0.013953069002124951,-0.091614154307591539
8,0.17643543932000003,0.019993769274723541,0.022685434891817801,-0.091614154307591539
8,0.17643855041600004,0.021571909737571324,0.020301735013820318,-0.091614154307591539
8,0.17644256891499999,0.023107189032967157,0.023251858625203115,-0.091614154307591539
8,0.17644924480850008,0.024544003484216627,0.034580333292912442,-0.091614154307591539
8,0.176457605879,0.025763036868412963,0.067220500929249999,-0.091614154307591539
8,0.17646784657000003,0.027182861307339139,0.08114508437497589,-0.091614154307591539
8,0.17647562431000005,0.028700378317124253,0.08400080403079449,-0.091614154307591539
8,0.17648113354250008,0.030047995203676431,0.10427405348821586,-0.091614154307591539
8,0.17648729091999996,0.031160454874208481,0.14958795215905321,-0.091614154307591539
8,0.17649117979000006,0.03230998366253679,0.19110209161842964,-0.091614154307591539
8,0.17649604087750004,0.033469938140245306,0.22973691043309671,-0.091614154307591539
8,0.17650135566649999,0.034572744394684572,0.27403596658161866,-0.091614154307591539
8,0.17650543898000001,0.035765906623752251,0.3102162825516151,-0.091614154307591539
8,0.17650803156000003,0.036944781797002633,0.34809586972176831,-0.091614154307591539
8,0.17650932784999995,0.038071142386708272,0.3896100091811448,-0.091614154307591539
8,0.17651192042999997,0.039246542330165252,0.4273243894290607,-0.091614154307591539
8,0.17651580930000008,0.040383714745894819,0.46872052394398189,-0.091614154307591539
8,0.17652086483099996,0.041555639459558376,0.50839378626985565,-0.091614154307591539
8,0.17652099446000008,0.042582762931830234,0.5606463756746648,-0.091614154307591539
8,0.17652358704000004,0.043654678254772608,0.6071875257678373,-0.091614154307591539
8,0.17652339259650002,0.044799573403376383,0.64822964544939254,-0.091614154307591539
8,0.17652229074999995,0.045896201471516268,0.69385035697581343,-0.091614154307591539
8,0.1765246888865,0.047007888868760894,0.73713457060202003,-0.091614154307591539
8,0.17652488332999997,0.048135407868397651,0.77975795653927615,-0.091614154307591539
8,0.17652877220000007,0.049216204334145384,0.82667672245470614,-0.091614154307591539
8,0.17653032774799998,0.050403574513557391,0.86469791555820519,-0.091614154307591539
8,0.1765338277310001,0.051586697189888585,0.89991059098366877,-0.091614154307591539
8,0.17653583698049996,0.052698770723776912,0.94352521845434989,-0.091614154307591539
8,0.17653784623000002,0.05376412172377619,0.99148242788098562,-0.091614154307591539
8,0.17654290176100002,0.054856888425478957,1.0365603166629125,-0.091614154307591539
8,0.17654653137300003,0.056090595002136326,1.0682800457324986,-0.091614154307591539
8,0.17655080913000007,0.057255955392856814,1.1072924803694226,-0.091614154307591539
8,0.17655703132199996,0.058437147385969432,1.1423635498615397,-0.091614154307591539
8,0.17656377202999998,0.059549607056501488,1.1877954534768322,-0.091614154307591539
8,0.1765696053350001,0.060669017186620322,1.229687208758466,-0.091614154307591539
8,0.17657673492999992,0.061773754124278143,1.2737974569958592,-0.091614154307591539
8,0.17659099412000007,0.062931777918768098,1.3136123252550789,-0.091614154307591539
8,0.17659099412000007,0.063990178459180577,1.3611211158927852,-0.091614154307591539
8,0.17659851260200005,0.065206895023514649,1.3945873181403101,-0.091614154307591539
8,0.17660428109250009,0.066458363885782717,1.4225072879984348,-0.091614154307591539
8,0.17660654960000011,0.067505952600171296,1.4739102418031664,-0.091614154307591539
8,0.17660953106700003,0.068509907873820469,1.5264460430746678,-0.091614154307591539
9,0.18639094652000002,0.0014225273954321543,-0.14112902900103788,-0.091614154307591539
9,0.18639353910000001,0.0022013650057976964,-0.071600515727971853,-0.091614154307591539
9,0.18639224281000011,0.0033837154088414692,-0.042642102358639689,-0.091614154307591539
9,0.186394057616,0.0047676291399025008,-0.035372997780192685,-0.091614154307591539
9,0.18639613168000002,0.0061940179017717697,-0.031832849446533314,-0.091614154307591539
9,0.18639483538999993,0.007601485968099184,-0.026782237823846627,-0.091614154307591539
9,0.18639716871200002,0.0089900333388847516,-0.01892310852312349,-0.091614154307591539
9,0.18640002054999993,0.010350006598035685,-0.0080902546221264266,-0.091614154307591539
9,0.18640261312999995,0.011717702590060854,0.00017009148974530606,-0.091614154307591539
9,0.18640481682300003,0.013192744569037729,-0.00030192828807592003,-0.091614154307591539
9,0.18640779829000007,0.014630717430218335,0.001515347856535476,-0.091614154307591539
9,0.18641168716000006,0.016009225248267415,0.010790536490722726,-0.091614154307591539
9,0.18641427974000008,0.017437930829998942,0.014023871968798132,-0.091614154307591539
9,0.18641920564199996,0.018836517753521,0.020419739958275649,-0.091614154307591539
9,0.18642439080200007,0.020232787857180794,0.026744804981079996,-0.091614154307591539
9,0.18642782597050012,0.021732542581355194,0.023275459614093916,-0.091614154307591539
9,0.18643502037999993,0.022982466897048425,0.0435487090715155,-0.091614154307591539
9,0.18644098331399997,0.02414937183434375,0.074938024296626965,-0.091614154307591539
9,0.18644927957000007,0.025516295553081492,0.084732434686416946,-0.091614154307591539
9,0.18645491843150006,0.026750774403026277,0.10646894545508438,-0.091614154307591539
9,0.18645964989000008,0.027925015936552118,0.13582857563556436,-0.091614154307591539
9,0.18646613134000001,0.029066821992006209,0.16787871854962558,-0.091614154307591539
9,0.1864674276300001,0.030157271873846713,0.20559309879754117,-0.091614154307591539
9,0.18647002020999995,0.031197137855361039,0.24838169165703511,-0.091614154307591539
9,0.18647578870050005,0.032288746147132688,0.28519923432709049,-0.091614154307591539
9,0.18647909424000006,0.033384988078628844,0.32178076710823528,-0.091614154307591539
9,0.18647909424000006,0.034388943352278031,0.36796790236804178,-0.091614154307591539
9,0.18648207570700009,0.035485185283774208,0.40285016394903028,-0.091614154307591539
9,0.18648486273049994,0.036605367687180465,0.43806283937449314,-0.091614154307591539
9,0.18648687198000008,0.037671104823823444,0.47827892444486142,-0.091614154307591539
9,0.18648687198000008,0.038666951227954709,0.52286119246007601,-0.091614154307591539
9,0.18649076084999996,0.039700252886525934,0.56600380015293561,-0.091614154307591539
9,0.18648946456000007,0.040730851588591202,0.60924081180135981,-0.091614154307591539
9,0.18649134418050006,0.04177187598003667,0.65259582839423869,-0.091614154307591539
9,0.18649205714000008,0.042817534011206651,0.69307152434240871,-0.091614154307591539
9,0.18649076084999996,0.043872459321825735,0.73385403314616249,-0.091614154307591539
9,0.18649076084999996,0.044945533054699213,0.77081318174956426,-0.091614154307591539
9,0.18649277009950008,0.045995438588950041,0.81390858746464168,-0.091614154307591539
9,0.18649205714000008,0.047031057067383558,0.85660277636857152,-0.091614154307591539
9,0.18649335342999998,0.04810297239032589,0.89485997936098161,-0.091614154307591539
9,0.18649588119549998,0.049123917676298381,0.93833300089831639,-0.091614154307591539
9,0.18649704785650006,0.050215525968070031,0.97555176037951941,-0.091614154307591539
9,0.18649724230000009,0.051363510209823507,1.0065398587934828,-0.091614154307591539
9,0.18650100154100005,0.05243079189304134,1.0451510766192587,-0.091614154307591539
9,0.18650288116149999,0.053442469899564735,1.0895445367233445,-0.091614154307591539
9,0.18650709410400002,0.054509751582782581,1.1278961436713191,-0.091614154307591539
9,0.18651150149000004,0.055606379650922445,1.1640292576635332,-0.091614154307591539
9,0.18651649220649996,0.056730423420765841,1.1982034895777902,-0.091614154307591539
9,0.18652122366500007,0.057806586246789027,1.23601227378127,-0.091614154307591539
9,0.18652828844550001,0.058870006563569735,1.2747886985292836,-0.091614154307591539
9,0.18653742729000011,0.060031505587853105,1.3052339741987524,-0.091614154307591539
9,0.18654157541800004,0.061038936091295681,1.3497690402361848,-0.091614154307591539
9,0.18654727909400004,0.062106217774513514,1.3878846372952487,-0.091614154307591539
9,0.18655304758450006,0.063102450315288466,1.4341189745328371,-0.091614154307591539
9,0.18655816792999996,0.064069722607785082,1.4831854304373533,-0.091614154307591539
9,0.18656186235650005,0.065157083396475884,1.5207346037630318,-0.091614154307591539
10,0.19640997193000007,0.0014163492091327748,-0.13983097461202912,-0.091614154307591539
10,0.19640867563999997,0.0021318604099296759,-0.072615358250287365,-0.091614154307591539
10,0.19641126821999996,0.0032358250743000699,-0.044459378503251303,-0.091614154307591539
10,0.19640997193000007,0.0045259076009392749,-0.035207790857955293,-0.091614154307591539
10,0.19641256451000008,0.0059005540525512382,-0.035018982946827225,-0.091614154307591539
10,0.19641126821999996,0.0072060820449388885,-0.028103893201746211,-0.091614154307591539
10,0.19641256451000008,0.0085139268571888145,-0.020197561923240702,-0.091614154307591539
10,0.19641386079999995,0.0098009202906783246,-0.010167141644539511,-0.091614154307591539
10,0.19641774967000009,0.011105289873134843,-0.0019067955326680004,-0.091614154307591539
10,0.19641982373400008,0.012420471281615279,0.0045598754234825864,-0.091614154307591539
10,0.19642293483000006,0.013842226403760007,0.001444544889862408,-0.091614154307591539
10,0.19642442556349998,0.015168605774908073,0.0048194863012840589,-0.091614154307591539
10,0.19642708295799999,0.016474519903939437,0.012206595824186406,-0.091614154307591539
10,0.19643252737600009,0.017850324765482529,0.015463532291152835,-0.091614154307591539
10,0.19643589772999995,0.019130753876028958,0.02516353872537893,-0.091614154307591539
10,0.19644309213949995,0.020418133446162185,0.033801500659507364,-0.091614154307591539
10,0.19644886063000008,0.02147035580027527,0.066229259395825163,-0.091614154307591539
10,0.19645495319299996,0.022785923345399417,0.073403960018707873,-0.091614154307591539
10,0.19645923094999998,0.023973293524811437,0.092497160031576431,-0.091614154307591539
10,0.1964657124000001,0.025130545046013981,0.11633415881154834,-0.091614154307591539
10,0.19647271236599992,0.026178906033689952,0.14977676007018173,-0.091614154307591539
10,0.19647608271999994,0.027208346325824084,0.18444661275115015,-0.091614154307591539
10,0.19647867529999996,0.028272152779248515,0.21685077049857759,-0.091614154307591539
10,0.19648386045999996,0.029293870338508408,0.2520870469129316,-0.091614154307591539
10,0.19649034191000009,0.030332964046735321,0.28689850552724694,-0.091614154307591539
10,0.19649604558599998,0.031323018401210899,0.32595814214195318,-0.091614154307591539
10,0.19649863816600008,0.032334310271090592,0.36180804426747476,-0.091614154307591539
10,0.1965023325925,0.033354869420419361,0.39923921264869794,-0.091614154307591539
10,0.19650848997000012,0.034346854458113502,0.43827524827451275,-0.091614154307591539
10,0.19651367512999995,0.035368958154017124,0.47414875138892587,-0.091614154307591539
10,0.19651931399149997,0.036429289377648146,0.50551446562514635,-0.091614154307591539
10,0.19652676765900007,0.037449076253689498,0.54233200829520123,-0.091614154307591539
10,0.1965312398595,0.038412101043105301,0.58304371413228206,-0.091614154307591539
10,0.19653830464000011,0.039333036938356568,0.62953766224767227,-0.091614154307591539
10,0.19654180462300003,0.040328111069200388,0.66746445139560751,-0.091614154307591539
10,0.19654348979999994,0.041311987237376585,0.70725571866593651,-0.091614154307591539
10,0.19654705459750002,0.042284665442885151,0.74914747394757009,-0.091614154307591539
10,0.19654867495999995,0.043299818679201976,0.78546939585091313,-0.091614154307591539
10,0.19654770274250005,0.044268249381629737,0.82393900774334272,-0.091614154307591539
10,0.19654925829049993,0.045295758990545304,0.86148818106902103,-0.091614154307591539
10,0.19655269345900001,0.046281179705296369,0.90087823152820212,-0.091614154307591539
10,0.19655528603899999,0.047255016320736073,0.94062229682074905,-0.091614154307591539
10,0.19655865639299994,0.048270169557052892,0.97663740586850822,-0.091614154307591539
10,0.19655774899000009,0.049226243886881876,1.0194732007057841,-0.091614154307591539
10,0.19656034157000007,0.050305881942698458,1.0493284516529764,-0.091614154307591539
10,0.19656358229500007,0.051371619079341443,1.0787588848001299,-0.091614154307591539
10,0.19656792486649999,0.052406851421131231,1.1143491760478503,-0.091614154307591539
10,0.19657408224400011,0.053371034620478174,1.1566657491295227,-0.091614154307591539
10,0.19658354516100002,0.054324792130444902,1.1989351202334135,-0.091614154307591539
10,0.19658885994999997,0.055313301938345626,1.2373575301480608,-0.091614154307591539
10,0.196595600658,0.056366296565746134,1.2698088898732698,-0.091614154307591539
10,0.19660350802699997,0.057358281603440274,1.3087505215435207,-0.091614154307591539
10,0.19661348946000001,0.058431741472957474,1.3376617329350706,-0.091614154307591539
10,0.19662152645800005,0.059405578088397179,1.3775002021831813,-0.091614154307591539
10,0.19663014678649998,0.060417642231564331,1.4136333161753964,-0.091614154307591539
10,0.19663734119600002,0.061342053356608986,1.4591360227573626,-0.091614154307591539
10,0.19664460042000001,0.062285385177195493,1.5032934729725373,-0.091614154307591539
11,0.20636547913000003,0.0014225273954321543,-0.14042099933430588,-0.091614154307591539
11,0.2063667754199999,0.0020774151431663937,-0.075872294717254041,-0.091614154307591539
11,0.20636547913000003,0.0031277068140609259,-0.048872763425879713,-0.091614154307591539
11,0.20636794208100001,0.0043208690431286141,-0.03631703733583546,-0.091614154307591539
11,0.20636807170999999,0.005607090203330705,-0.034617766135678955,-0.091614154307591539
11,0.20636936799999991,0.0068427274632066274,-0.02720705562388569,-0.091614154307591539
11,0.20637196057999993,0.008124701120327895,-0.025012163657017056,-0.091614154307591539
11,0.20637325687000002,0.0093147742562458939,-0.012645245478100975,-0.091614154307591539
11,0.20637584945000004,0.010568173801732526,-0.0058009586996935827,-0.091614154307591539
11,0.20637844203000005,0.011777553769836085,0.0034034269678203796,-0.091614154307591539
11,0.20638233089999997,0.013076517439280655,0.0046778803679379212,-0.091614154307591539
11,0.20638362719000009,0.014397877034060463,0.0036630378456221817,-0.091614154307591539
11,0.20638848827750006,0.015639692480235768,0.010672531546267282,-0.091614154307591539
11,0.20639146974450009,0.016904676125033741,0.013929468013233932,-0.091614154307591539
11,0.20639788638000006,0.018181243869143052,0.01610075899121155,-0.091614154307591539
11,0.20640307153999998,0.019206436658196359,0.046003211916185845,-0.091614154307591539
11,0.20640955298999994,0.020244758093135841,0.071917097718571119,-0.091614154307591539
11,0.20641473814999997,0.021516692197520618,0.078596177574741244,-0.091614154307591539
11,0.20642108997100003,0.022714101929669127,0.087470149397780222,-0.091614154307591539
11,0.20642608068750007,0.023699908781063882,0.12296603668993615,-0.091614154307591539
11,0.20642899734000011,0.024635517868776179,0.15848552497098323,-0.091614154307591539
11,0.20643288621000006,0.025602404024629093,0.19369820039644622,-0.091614154307591539
11,0.20643547879000002,0.026552686304802418,0.22987851636644319,-0.091614154307591539
11,0.2064393676599999,0.027441186721981942,0.27136905483692886,-0.091614154307591539
11,0.20644584911000002,0.028473329970622064,0.2994306306284002,-0.091614154307591539
11,0.20645103427000006,0.02941395883470261,0.33664939010960354,-0.091614154307591539
11,0.20645258981799994,0.030406716145684166,0.36770829149023998,-0.091614154307591539
11,0.206457904607,0.031339236140246765,0.40568228261595751,-0.091614154307591539
11,0.2064601083,0.032298785699869173,0.44049374123027274,-0.091614154307591539
11,0.20646445087150006,0.03329154301085073,0.47247308117766051,-0.091614154307591539
11,0.20646814529800003,0.03419973639685954,0.5118867326257327,-0.091614154307591539
11,0.20647430267550004,0.035146157310595741,0.54804344760683832,-0.091614154307591539
11,0.20647955265000001,0.036113043466448655,0.58021159546535483,-0.091614154307591539
11,0.20648279337499997,0.037077612802439298,0.61606149759087625,-0.091614154307591539
11,0.20648596928550006,0.037974222089136762,0.65790605089472765,-0.091614154307591539
11,0.20648797853500001,0.038798623823460221,0.70555644746577995,-0.091614154307591539
11,0.20649154333250008,0.039734619047816222,0.74383725144708135,-0.091614154307591539
11,0.20649439517050006,0.040636248110881956,0.78405333651744968,-0.091614154307591539
11,0.2064955618315,0.041556025596202084,0.82311297313215559,-0.091614154307591539
11,0.20649990440300003,0.042474258534947365,0.86129937315789262,-0.091614154307591539
11,0.20650223772500001,0.043418362628821316,0.89788090593903758,-0.091614154307591539
11,0.20650573770800004,0.044358991492901859,0.93450964069796427,-0.091614154307591539
11,0.20651059879550004,0.045302709450132095,0.97017073491235772,-0.091614154307591539
11,0.20651481173799996,0.046265734239547905,1.0055014152822763,-0.091614154307591539
11,0.20651908949499997,0.047200957190616497,1.0426965737745886,-0.091614154307591539
11,0.20652336725200007,0.048146991967709003,1.0774844314000123,-0.091614154307591539
11,0.20652868204099994,0.049071403092753665,1.1165912699925009,-0.091614154307591539
11,0.20653425608800008,0.050068407906816048,1.1468241367619503,-0.091614154307591539
11,0.20654106161050012,0.051136461863321304,1.1709443474086147,-0.091614154307591539
11,0.20654734861699997,0.052122654851359772,1.2023336626337258,-0.091614154307591539
11,0.20655415413949996,0.053040115516817657,1.2419833239707088,-0.091614154307591539
11,0.20656264483899997,0.053981130517541921,1.2774792112628648,-0.091614154307591539
11,0.20657301515900003,0.054887007083688419,1.3183089220444004,-0.091614154307591539
11,0.20658254289050007,0.055912199872741743,1.3445532216912603,-0.091614154307591539
11,0.20659038544500005,0.05684896737038516,1.3829048286392349,-0.091614154307591539
11,0.20659907058800009,0.057820487165962595,1.4159934150645019,-0.091614154307591539
11,0.206608663134,0.058691997570818867,1.4591360227573622,-0.091614154307591539
11,0.20661715383350004,0.05959092367737856,1.500532157272283,-0.091614154307591539
12,0.21640006002000009,0.0014511015070667855,-0.14339472393457994,-0.091614154307591539
12,0.21639876373000005,0.0020283757894150674,-0.076226309550619806,-0.091614154307591539
12,0.21639876373000005,0.0030045292247170463,-0.049698798037066831,-0.091614154307591539
12,0.21640135631000001,0.0041397709572280495,-0.038606333258268191,-0.091614154307591539
12,0.21640006002000009,0.005344903422250781,-0.034617766135678747,-0.091614154307591539
12,0.21640006002000009,0.0065272538252945534,-0.026758636834955708,-0.091614154307591539
12,0.21640135631000001,0.0077404951598352267,-0.025271774534818638,-0.091614154307591539
12,0.21640394889000003,0.0089135782834299307,-0.018569093689757159,-0.091614154307591539
12,0.2164052451799999,0.010057701158746293,-0.0078070427554338224,-0.091614154307591539
12,0.21640757850199996,0.011221903139535633,-0.00030192828807591997,-0.091614154307591539
12,0.21641043033999993,0.012413906958672189,0.0068727723348064526,-0.091614154307591539
12,0.21641172663000002,0.013692791522643768,0.001940165656574986,-0.091614154307591539
12,0.21641431921000004,0.014889815118148566,0.0058579298124912622,-0.091614154307591539
12,0.21641950437000007,0.016042046862982863,0.016431172835686306,-0.091614154307591539
12,0.21642494878800006,0.017042913043482356,0.039465737993362074,-0.091614154307591539
12,0.21643117098000003,0.018062699919523705,0.064246776328976171,-0.091614154307591539
12,0.21643505985000014,0.019132684559247513,0.080153842841551387,-0.091614154307591539
12,0.21644283758999991,0.020243985819848417,0.093370396620545609,-0.091614154307591539
12,0.21644931904000003,0.021306633863341706,0.11194437487781095,-0.091614154307591539
12,0.21645249495050006,0.022250351820571945,0.14286167032510083,-0.091614154307591539
12,0.21645968936000001,0.023145802697338274,0.1778383358616536,-0.091614154307591539
12,0.21646254119800007,0.024052451536772233,0.21257899150929527,-0.091614154307591539
12,0.21646876339000004,0.02492087284847878,0.24975054901271646,-0.091614154307591539
12,0.21647135597000006,0.025871541265295821,0.27868536139315736,-0.091614154307591539
12,0.21647265226000009,0.026734556663990404,0.31682455944111237,-0.091614154307591539
12,0.21647524483999994,0.027661670745541062,0.34951192905523193,-0.091614154307591539
12,0.21647394855000002,0.028597279833253351,0.37969759384689905,-0.091614154307591539
12,0.21647654113000003,0.029531730511034533,0.41073289423864467,-0.091614154307591539
12,0.21647524483999994,0.030435290257318792,0.44410469253060525,-0.091614154307591539
12,0.21647783741999996,0.031317226351555233,0.47941177191163281,-0.091614154307591539
12,0.21647783741999996,0.032226578147495161,0.51332639294808724,-0.091614154307591539
12,0.21647654113000003,0.033130524030423152,0.54778383672903641,-0.091614154307591539
12,0.21647913370999999,0.033957628721252603,0.58861354751057238,-0.091614154307591539
12,0.21647913370999999,0.034822188666522029,0.62746077522525923,-0.091614154307591539
12,0.21647848556499993,0.035740421605267317,0.66026614978383391,-0.091614154307591539
12,0.21647913370999999,0.036630466569021684,0.69495960345369379,-0.091614154307591539
12,0.21647913370999999,0.037517422439626372,0.731069116457017,-0.091614154307591539
12,0.21647654113000003,0.038343368720524684,0.77248885196082928,-0.091614154307591539
12,0.21647783741999996,0.039133790430201584,0.81721272590939054,-0.091614154307591539
12,0.21647634668649998,0.040034647219979853,0.85273221419043721,-0.091614154307591539
12,0.21647524483999994,0.040945543562494642,0.8852307758934288,-0.091614154307591539
12,0.21647524483999994,0.041788865992359939,0.92457362437482726,-0.091614154307591539
12,0.21647524483999994,0.042675435726320918,0.96056513243369623,-0.091614154307591539
12,0.21647556891249992,0.043578609335961485,0.99492817225908081,-0.091614154307591539
12,0.21647524483999994,0.044460159293554222,1.0299756407623064,-0.091614154307591539
12,0.21647524483999994,0.045333600381629008,1.066037951787848,-0.091614154307591539
12,0.21647582817049998,0.046258011506673684,1.0977340798685433,-0.091614154307591539
12,0.21647680038799999,0.04714921488035919,1.1328287503495509,-0.091614154307591539
12,0.21647654113000003,0.048050071670137459,1.1669557802860253,-0.091614154307591539
12,0.21647803186349995,0.04895556209964029,1.2016964359336675,-0.091614154307591539
12,0.21647913370999999,0.050004695360603701,1.2210964488021196,-0.091614154307591539
12,0.21648120777400001,0.050931423305510627,1.2516361284271529,-0.091614154307591539
12,0.21648198554800002,0.051841933511381708,1.284653911885747,-0.091614154307591539
12,0.21648548553100003,0.052738928934722894,1.3195125724778445,-0.091614154307591539
12,0.21648853181250005,0.053649439140593967,1.352058336158618,-0.091614154307591539
12,0.21648950403000006,0.054438702440339694,1.39704182098498,-0.091614154307591539
12,0.21649404104500011,0.055360410608878377,1.4278883134655971,-0.091614154307591539
12,0.21649721695549995,0.056274009907899145,1.4618501364798342,-0.091614154307591539
12,0.21650052249500007,0.057156718275423013,1.4958119594940711,-0.091614154307591539
12,0.21650505951000004,0.058052169152189338,1.5308830289861879,-0.091614154307591539
13,0.22635297464000007,0.0015557445375125275,-0.15418037585779437,-0.091614154307591539
13,0.22635167835,0.0021210485839057618,-0.091189336507552704,-0.091614154307591539
13,0.22635427092999999,0.0030898654229772268,-0.069523628705558449,-0.091614154307591539
13,0.22635297464000007,0.0041019295661443465,-0.052601719670667145,-0.091614154307591539
13,0.22635427092999999,0.0052302208390685506,-0.045757432892259968,-0.091614154307591539
13,0.22635777091300008,0.0063322548202203871,-0.038936747102743169,-0.091614154307591539
13,0.22635945609000002,0.0074686549626625199,-0.033697327568927633,-0.091614154307591539
13,0.22636075238000006,0.008561421664365295,-0.024563744868086743,-0.091614154307591539
13,0.22636075238000006,0.0096700199684602202,-0.017200236334075972,-0.091614154307591539
13,0.22636464125000005,0.010765875763312676,-0.0065561903442071922,-0.091614154307591539
13,0.22636723383000001,0.011854394961934626,0.0026481953233063312,-0.091614154307591539
13,0.22636982641000003,0.013036745364978392,0.0034506289456024256,-0.091614154307591539
13,0.2263711226999999,0.014226046227608974,0.0020581706010297709,-0.091614154307591539
13,0.22637630785999993,0.015213011488934863,0.022496626980688952,-0.091614154307591539
13,0.22638389115650001,0.016060967558524708,0.056859666806073926,-0.091614154307591539
13,0.22638667817999997,0.017144080844134699,0.065544830717984393,-0.091614154307591539
13,0.22639283555750006,0.018199006154753773,0.07984702998596753,-0.091614154307591539
13,0.22639925219300006,0.019146585478421116,0.10257478228805934,-0.091614154307591539
13,0.22640352994999988,0.020040877945256316,0.13195801345743016,-0.091614154307591539
13,0.22640612253000017,0.020966447480232124,0.15968917540442737,-0.091614154307591539
13,0.22641305768149994,0.0218908586052768,0.18451741571782337,-0.091614154307591539
13,0.22641649285000001,0.02276661651321386,0.21659115962077591,-0.091614154307591539
13,0.226420252091,0.023619978495815673,0.2508833964794876,-0.091614154307591539
13,0.22642401133199996,0.02442700408117212,0.28765373717176079,-0.091614154307591539
13,0.22642407614650004,0.025292722436372688,0.31963307711914862,-0.091614154307591539
13,0.22642427058999998,0.026136044866238006,0.35359490013338568,-0.091614154307591539
13,0.22642427058999998,0.026990951395414665,0.3866834865586532,-0.091614154307591539
13,0.22642627983949998,0.027832343142061421,0.42222657582859141,-0.091614154307591539
13,0.22642556688000001,0.028744011757863629,0.44840007250877811,-0.091614154307591539
13,0.22642815946000008,0.029631739901755737,0.47775970268925816,-0.091614154307591539
13,0.22642900204849997,0.030496685983668882,0.50931422483660693,-0.091614154307591539
13,0.22642945575000001,0.031348117283052132,0.54403127949535768,-0.091614154307591539
13,0.22643075204000004,0.0321968456259294,0.57615222537609223,-0.091614154307591539
13,0.22643204833000005,0.033039781919151016,0.61115249190153542,-0.091614154307591539
13,0.22643334462000012,0.033828272945609326,0.65030653247180592,-0.091614154307591539
13,0.22643464091000004,0.034637615350828044,0.68795010975304871,-0.091614154307591539
13,0.2264369094175,0.035494838699866971,0.7210150951894253,-0.091614154307591539
13,0.22643593720000008,0.036352448185549606,0.75315964205905028,-0.091614154307591539
13,0.22643593720000008,0.037239790192798009,0.78207085345060035,-0.091614154307591539
13,0.22643852978000015,0.038034459405555714,0.8223813424765325,-0.091614154307591539
13,0.22643723349000008,0.038799009960103936,0.8642022947914928,-0.091614154307591539
13,0.22643852978000015,0.039652758079349447,0.89781010297236408,-0.091614154307591539
13,0.22644047421499999,0.040461714347924477,0.93436803476461772,-0.091614154307591539
13,0.22644241865000003,0.041346739535310595,0.96481331043408658,-0.091614154307591539
13,0.22644112235999989,0.042158012623747895,1.001182434315212,-0.091614154307591539
13,0.22644293716600003,0.042992453910807853,1.036371508751784,-0.091614154307591539
13,0.22644552974600002,0.04382612292458038,1.0710885634105349,-0.091614154307591539
13,0.22644630751999992,0.044721573801346712,1.0999289718354117,-0.091614154307591539
13,0.22644922417249996,0.045535549846289991,1.1358968789053887,-0.091614154307591539
13,0.22645142786550002,0.04639122864875405,1.170283519719665,-0.091614154307591539
13,0.22645382600200006,0.047241887674849881,1.2025460715337455,-0.091614154307591539
13,0.22645661302549996,0.04812189308586777,1.2332037561032339,-0.091614154307591539
13,0.22645946486350002,0.048965601652376789,1.2665991553840856,-0.091614154307591539
13,0.22646231670150002,0.049866072305511371,1.2952743568867247,-0.091614154307591539
13,0.22646549261200008,0.050823691181915223,1.3161376310664228,-0.091614154307591539
13,0.22646905740950002,0.051680528394310421,1.3491790155139085,-0.091614154307591539
13,0.22647482590000015,0.052568642674846247,1.3795298872278128,-0.091614154307591539
13,0.22647936291499993,0.053372193030409312,1.4170082575868179,-0.091614154307591539
13,0.22648545547799998,0.054160297920223921,1.4569411307904934,-0.091614154307591539
13,0.22649064063800001,0.054988561020984483,1.4918233923714819,-0.091614154307591539
13,0.22649589061250014,0.055882081214532267,1.5203333869518834,-0.091614154307591539
