pos index,depth index,current joint depth,current joint position,current joint effort,current torque offset
13,0,0.0970667137,-0.0313234045,-0.8847148507,-0.2468745249
12,0,0.0970636026,-0.0294027609,-0.7637833836,-0.1305688517
11,0,0.0970558249,-0.0272226334,-0.673627606,-0.1222141016
10,0,0.0970493434,-0.0250046645,-0.5878380114,-0.1078647004
9,0,0.0970482416,-0.0226712408,-0.5119844331,-0.1010676156
8,0,0.0970441583,-0.0199119083,-0.4792970635,-0.0941289248
7,0,0.097042862,-0.01749199,-0.4129074818,-0.0832488689
6,0,0.0970402694,-0.0151786453,-0.3343869917,-0.0832488689
5,0,0.0970415657,-0.0128857659,-0.2542852354,-0.0625035997
4,0,0.0970415657,-0.0104449962,-0.1907277723,-0.0705987389
3,0,0.0970453249,-0.0079771969,-0.1301912358,-0.0650997085
2,0,0.0970454546,-0.0056661691,-0.0521427656,-0.0824936373
1,0,0.0970441583,-0.0032616962,0.0179757724,-0.1483875983
0,0,0.0970441583,-0.0007294121,0.074028121,-0.1477739726
0,0,0.0970460379,-0.0006749669,0.0672782382,-0.1477739726
1,0,0.0970462971,0.0019395644,0.1154242555,-0.0664449648
2,0,0.0970494731,0.0042880474,0.188776129,-0.0274089292
3,0,0.097051936,0.0069732416,0.2304318744,-0.0274089292
4,0,0.0970545286,0.0095279217,0.2824484539,-0.0241283918
5,0,0.0970584175,0.0119764141,0.3466903457,-0.0056016155
6,0,0.0970597138,0.0146021433,0.3919098404,-0.0099441974
7,0,0.0970636026,0.0171826945,0.4409998973,0.0025643267
8,0,0.0970674915,0.0195914149,0.5090651493,0.0309091143
9,0,0.0970700841,0.0222229361,0.5543790479,0.0339536419
10,0,0.0970733248,0.0246501911,0.620013398,0.040160702
11,0,0.0970747507,0.0269801396,0.6940969022,0.029516656
12,0,0.0970778618,0.0294938891,0.7521789358,0.0320183608
13,0,0.0970778618,0.0318987481,0.819701365,0.0320183608
14,0,0.097083047,0.0343715672,0.881512355,0.0378006031
15,0,0.0970856396,0.036840911,0.9423321033,0.0300830797
15,0,0.0970917969,0.0377085601,0.8596342382,0.0300830797
14,0,0.097089334,0.0355766997,0.7612417156,0.0276049759
13,0,0.0970895284,0.0333857604,0.6724075934,-0.0651469105
12,0,0.0970882321,0.0312488802,0.5788296724,-0.0961822108
11,0,0.0970856396,0.0288169916,0.5125580956,-0.1231817421
10,0,0.0970856396,0.0264198553,0.4444928437,-0.1393484195
9,0,0.0970856396,0.0239980063,0.3787404886,-0.1396080304
8,0,0.0970778618,0.0215873552,0.3112416604,-0.1396080304
7,0,0.0970752692,0.0190106654,0.2597207016,-0.1535798158
6,0,0.0970739729,0.0165563809,0.1975320959,-0.1649790935
5,0,0.0970700841,0.014070047,0.1376799881,-0.1803669382
4,0,0.0970674915,0.0114952879,0.0874334827,-0.183057451
3,0,0.0970597138,0.0090695775,0.0200762604,-0.1875888408
2,0,0.0970571212,0.0065998475,-0.0423483552,-0.1473255538
1,0,0.0970558249,0.0039926529,-0.0895975349,-0.0984479058
0,0,0.0970558249,0.00162216,-0.1620997728,-0.1762603662
-1,0,0.0970558249,-0.0007070162,-0.2374341294,-0.2059740112
-2,0,0.0970527786,-0.0032049341,-0.2971446313,-0.2059740112
-3,0,0.097051936,-0.005674278,-0.3597816558,-0.2164056483
-4,0,0.0970506397,-0.0080300976,-0.4318826768,-0.2205358213
-5,0,0.0970493434,-0.010450016,-0.4981542536,-0.2364900898
-6,0,0.0970493434,-0.0129274687,-0.5598236376,-0.2346020107
-7,0,0.0970493434,-0.0152759518,-0.6331047081,-0.2345548087
-8,0,0.0970506397,-0.0176974147,-0.7003911274,-0.2345548087
-9,0,0.0970493434,-0.0201544021,-0.7639721915,-0.2526331662
0,0,0.0970467509,6.56432294309083e-06,-0.0018254573,-0.0882050766
1,0,0.097051936,-0.0023843938,-0.0706459409,-0.1897601318
2,0,0.0970542693,-0.0047070057,-0.1475143617,-0.1671503844
3,0,0.0970571212,-0.0068083613,-0.2448920419,-0.1671503844
4,0,0.0970545286,-0.0092514478,-0.310384786,-0.1853467469
5,0,0.0970558249,-0.011645495,-0.3800077033,-0.208475716
6,0,0.0970558249,-0.0139692654,-0.4557668776,-0.2104109971
7,0,0.0970555656,-0.016262917,-0.5347357864,-0.2156976186
8,0,0.0970533619,-0.0187766666,-0.5916613716,-0.2371981195
9,0,0.0970571212,-0.0211027537,-0.6691434182,-0.2440660072
10,0,0.0970542693,-0.0231786243,-0.7665210983,-0.2440660072
11,0,0.0970558249,-0.0259954911,-0.7950310929,-0.2434287805
12,0,0.0970621119,-0.0282767864,-0.8773277412,-0.2420599232
13,0,0.0970674915,-0.030267707,-0.9845234327,-0.2468745249
15,1,0.1063169743,-0.0324339335,-0.8864377229,-0.2501314614
14,1,0.106304854,-0.0305279631,-0.7923641812,-0.1359970791
13,1,0.106286706,-0.0287378336,-0.6990930731,-0.1198776037
12,1,0.1062711505,-0.0267913188,-0.6191329227,-0.108525528
11,1,0.106255595,-0.0248606355,-0.5362226487,-0.108525528
10,1,0.1062413358,-0.0229535066,-0.454917242,-0.1013272264
9,1,0.1062309655,-0.0210147146,-0.3727858007,-0.1013272264
8,1,0.1062270766,-0.0190500513,-0.2948081334,-0.0961350089
7,1,0.1062300581,-0.0170050717,-0.2230847281,-0.0833904749
6,1,0.1062309655,-0.0149755375,-0.1537686237,-0.0642500729
5,1,0.1062322618,-0.0130112603,-0.0740916852,-0.0642500729
4,1,0.1062348544,-0.0109299838,-0.0073244877,-0.0731004437
3,1,0.106237447,-0.0087965789,0.05491132,-0.0666337728
2,1,0.106237447,-0.0067122133,0.1206400741,-0.0853493569
1,1,0.1062400395,-0.0046656891,0.1916082477,-0.0853493569
0,1,0.1062413358,-0.0024029283,0.2401082799,-0.1486708101
0,1,0.1062413358,-0.0023994531,0.2388338265,-0.1497092537
1,1,0.1062439284,-0.0001722169,0.2917944455,-0.1497092537
2,1,0.1062439284,0.0019901483,0.3489088386,-0.0671293935
3,1,0.106246521,0.0041853351,0.4046307734,-0.0265356926
4,1,0.1062515765,0.0065797684,0.4404806755,-0.0265356926
5,1,0.1062530024,0.0089112615,0.4811687804,-0.0263468847
6,1,0.1062568913,0.0111280719,0.5340113945,-0.0085989411
7,1,0.1062568913,0.0133305954,0.5889308957,-0.0182045436
8,1,0.1062581876,0.0156153659,0.6340323854,-0.0061444382
9,1,0.106264669,0.0178460773,0.6842788908,-0.0061444382
10,1,0.1062711505,0.0199628783,0.7479307578,0.014624432
11,1,0.1062724468,0.0221715799,0.8026378501,0.0123115351
12,1,0.1062776319,0.0242412724,0.8701602793,0.0200998614
13,1,0.1062804838,0.0263785387,0.9319476682,0.0066944997
14,1,0.1062897523,0.0284872309,0.9923898008,0.0066944997
14,1,0.1062939652,0.0293988995,0.9108011822,0.0202886693
13,1,0.1062931874,0.0275060577,0.8180492958,-0.1254238361
12,1,0.1062931874,0.0256302059,0.7309616468,-0.1431717797
11,1,0.1062931874,0.0236794435,0.6514263143,-0.1386875918
10,1,0.1062918911,0.0217101467,0.5746994994,-0.1386875918
9,1,0.1062905948,0.0195134153,0.5198744022,-0.1514321258
8,1,0.1062892986,0.0174317526,0.4539804412,-0.1608489204
7,1,0.1062880023,0.0152593479,0.3976920827,-0.1608489204
6,1,0.1062880023,0.013083854,0.3388548174,-0.1739474692
5,1,0.1062854097,0.0108515981,0.2878766814,-0.1789036769
4,1,0.1062828171,0.008627451,0.237582974,-0.1818538005
3,1,0.1062815208,0.0063689378,0.1871240598,-0.1467119281
2,1,0.1062802245,0.0040482566,0.1446894818,-0.1467119281
1,1,0.1062802245,0.0018808716,0.0863478372,-0.0955213832
0,1,0.1062789282,-0.0001532962,0.0158516834,-0.1737114594
-1,1,0.1062815208,-0.0022299391,-0.0522843715,-0.2081217012
-2,1,0.1062815208,-0.0044386407,-0.106472242,-0.2173968898
-3,1,0.1062815208,-0.0064840065,-0.1760007553,-0.2173968898
-4,1,0.1062815208,-0.0085710751,-0.242437539,-0.2173024858
-5,1,0.1062854097,-0.0107098859,-0.3025256567,-0.2357348582
-6,1,0.1062880023,-0.0128479245,-0.3643602476,-0.2321947098
-7,1,0.1062854097,-0.0148577658,-0.4389157715,-0.2321947098
-8,1,0.1062880023,-0.0169039039,-0.5086330927,-0.2342479959
-9,1,0.1062880023,-0.019049279,-0.5693112351,-0.2498010475
0,1,0.1062413358,-0.0011958652,0.1195780296,-0.0982354969
1,1,0.1062406877,-0.0031798353,0.0435120424,-0.0982354969
2,1,0.1062443173,-0.0051553103,-0.0333327774,-0.1621469748
3,1,0.1062496321,-0.0069411923,-0.1300496299,-0.1621469748
4,1,0.1062568913,-0.0086799656,-0.2320767049,-0.1845915152
5,1,0.1062599376,-0.0108180042,-0.2926368424,-0.2125114851
6,1,0.1062632431,-0.0128645284,-0.3637938239,-0.2125114851
7,1,0.1062620765,-0.0149635672,-0.4274456909,-0.2145175691
8,1,0.106264669,-0.0172734366,-0.4723111708,-0.2221170876
9,1,0.1062685579,-0.0191643478,-0.556920716,-0.242484741
10,1,0.1062711505,-0.0211058428,-0.637659699,-0.2505798802
11,1,0.106278669,-0.0231589313,-0.7053709361,-0.2505798802
12,1,0.1062867708,-0.0254560582,-0.7513220615,-0.2515239197
13,1,0.1062970763,-0.0274608797,-0.8247683389,-0.2507450871
14,1,0.1063056318,-0.0295691858,-0.8890810336,-0.2505562792
15,1,0.1063178169,-0.0315388688,-0.966869893,-0.2505562792
15,2,0.1167764791,-0.0279566791,-0.9249309358,-0.1186031503
14,2,0.1167698032,-0.0263159845,-0.8329578821,-0.1186031503
13,2,0.116764618,-0.0246907354,-0.7488439576,-0.1089975478
12,2,0.1167594329,-0.023067417,-0.6645884273,-0.1010440146
11,2,0.116755544,-0.021369188,-0.5862803462,-0.1010440146
10,2,0.1167503589,-0.0197107311,-0.5057065701,-0.0927600675
9,2,0.1167451737,-0.0179553539,-0.4348564014,-0.0839332976
8,2,0.1167399885,-0.0161686997,-0.3653278882,-0.0839332976
7,2,0.1167348034,-0.0144133225,-0.2915039949,-0.0693006845
6,2,0.1167283219,-0.0127093015,-0.2142343573,-0.0709055517
5,2,0.1167257293,-0.0108612515,-0.1535090129,-0.0709055517
4,2,0.1167218405,-0.0090213104,-0.089503131,-0.0679790291
3,2,0.1167166553,-0.0072222998,-0.0221695097,-0.0679790291
2,2,0.1167166553,-0.0054673087,0.0513711717,-0.085325756
1,2,0.1167179516,-0.0036752486,0.1188936009,-0.1499688645
0,2,0.1167192479,-0.0017009319,0.169753732,-0.1499688645
0,2,0.1167192479,-0.0016990012,0.1700369438,-0.1498744606
1,2,0.1167218405,0.000183801,0.2279773716,-0.0693714875
2,2,0.1167257293,0.0019754751,0.2963730374,-0.0693714875
3,2,0.1167309145,0.0038138716,0.3600249044,-0.0693714875
4,2,0.1167322108,0.0058457226,0.4047251774,-0.0265356926
5,2,0.116737396,0.0079451476,0.4422507497,-0.032034723
6,2,0.1167399885,0.0100017113,0.4830332585,-0.0119266805
7,2,0.1167425811,0.0121092451,0.5195675893,-0.0175437159
8,2,0.11674647,0.0142071255,0.5575651814,-0.0175437159
9,2,0.1167529514,0.0162254618,0.6022890554,-0.0091181628
10,2,0.1167542477,0.0181924418,0.6532907924,0.006080874
11,2,0.1167581366,0.0200339275,0.7160694228,0.006080874
12,2,0.1167607292,0.0220939665,0.758173587,0.0085353769
13,2,0.1167633218,0.0240161547,0.8125266644,0.0156156735
14,2,0.1167672106,0.0259545606,0.8659121013,0.0156156735
15,2,0.1167672106,0.0279003032,0.9188491194,0.0048064206
16,2,0.1167698032,0.029824036,0.9750666749,0.0154740676
16,2,0.116771618,0.0306044181,0.9000627322,0.0154740676
15,2,0.1167710995,0.0290170104,0.8086325013,-0.0994627483
14,2,0.1167723958,0.0272944548,0.7322597012,-0.123417752
13,2,0.1167762847,0.0254688007,0.6682066174,-0.142676159
12,2,0.1167736921,0.0236867801,0.6004009763,-0.1377435523
11,2,0.1167723958,0.0219136407,0.52865397,-0.1377435523
10,2,0.1167672106,0.0199497497,0.479823524,-0.1546654613
9,2,0.1167659143,0.018102472,0.4163132629,-0.1546654613
8,2,0.1167620255,0.0161266108,0.3680020387,-0.1623357827
7,2,0.116755544,0.0140735223,0.3250718399,-0.1692980744
6,2,0.1167529514,0.0119242857,0.2932813078,-0.1777708294
5,2,0.1167477663,0.0099295038,0.2448048766,-0.180933362
4,2,0.1167451737,0.0080648499,0.1830174877,-0.180933362
3,2,0.1167451737,0.0061882259,0.1238734096,-0.1448474499
2,2,0.1167425811,0.0042494338,0.0705351747,-0.1448474499
1,2,0.1167412848,0.0024257104,0.0050188295,-0.09377491
0,2,0.1167412848,0.0006730362,-0.0679318271,-0.1751511197
-1,2,0.1167412848,-0.0011715386,-0.1317725021,-0.20427474
-2,2,0.1167425811,-0.0030562715,-0.1903029545,-0.20427474
-3,2,0.1167438774,-0.0049788459,-0.2459068844,-0.2157448206
-4,2,0.1167438774,-0.0067388567,-0.3166862501,-0.2157448206
-5,2,0.1167438774,-0.0086243619,-0.3775059984,-0.2181285204
-6,2,0.1167435533,-0.0104480853,-0.4408274516,-0.2330207444
-7,2,0.1167427107,-0.0123675706,-0.4962189726,-0.2330207444
-8,2,0.1167425811,-0.0141712148,-0.5630569731,-0.2304718376
-9,2,0.1167451737,-0.0159470572,-0.6342375556,-0.2311798673
0,2,0.1167270256,-0.0006479373,0.0630536612,-0.2519487375
1,2,0.1167335071,-0.0021264545,-0.0355984724,-0.2519487375
2,2,0.1167386922,-0.0039022969,-0.1056698084,-0.0965598267
3,2,0.1167412848,-0.0056140407,-0.1817121946,-0.1599048809
4,2,0.1167477663,-0.0073045469,-0.2598786698,-0.1799657214
5,2,0.1167490626,-0.0091112802,-0.3265514634,-0.1799657214
6,2,0.1167542477,-0.0109110631,-0.3951831391,-0.2089241348
7,2,0.116755544,-0.0127598854,-0.4574661488,-0.2089241348
8,2,0.1167607292,-0.0144947973,-0.5319744707,-0.212771096
9,2,0.1167633218,-0.0162698675,-0.6013613781,-0.2202998114
10,2,0.1167646829,-0.0181086502,-0.6650840481,-0.2404550559
11,2,0.1167672106,-0.0199883634,-0.7242989292,-0.2404550559
12,2,0.1167698032,-0.0217472158,-0.7959515315,-0.2510991019
13,2,0.1167723958,-0.0235585828,-0.8634975617,-0.2510991019
14,2,0.1167738217,-0.0252977422,-0.9359289966,-0.2492582248
15,2,0.1167775809,-0.0271214656,-0.9991324448,-0.2517363286
16,3,0.1262833403,-0.0267600417,-0.9289667049,-0.1185795493
15,3,0.1262793866,-0.0253830784,-0.8392121441,-0.108714336
14,3,0.1262729052,-0.0239960756,-0.754555397,-0.0971970534
13,3,0.1262612386,-0.0224808754,-0.6807551047,-0.0971970534
12,3,0.1262469794,-0.0209830514,-0.6048307234,-0.0893143231
11,3,0.1262366091,-0.0194693957,-0.5302751995,-0.0893143231
10,3,0.1262236462,-0.0178850771,-0.4644284405,-0.0827532482
9,3,0.1262197573,-0.0162660061,-0.4023342387,-0.0827532482
8,3,0.1262171647,-0.0146801429,-0.3363458738,-0.0650997085
7,3,0.1262145721,-0.0131672596,-0.261601542,-0.0650997085
6,3,0.1262158684,-0.0115304263,-0.1988465125,-0.0697727043
5,3,0.1262171647,-0.0098379894,-0.1443990312,-0.066208955
4,3,0.126218461,-0.0082173739,-0.0807471641,-0.0871430321
3,3,0.1262223499,-0.0065805407,-0.0186529623,-0.0871430321
2,3,0.1262223499,-0.004996222,0.0491054768,-0.0871430321
1,3,0.1262249425,-0.0033072604,0.1046858056,-0.1514321258
0,3,0.1262301276,-0.0015070913,0.1501413102,-0.1509837071
0,3,0.1262301276,-0.0015036161,0.150589729,-0.1509837071
1,3,0.1262327202,0.0002614145,0.1977681058,-0.0676958173
2,3,0.1262366091,0.0021766523,0.2322727515,-0.0676958173
3,3,0.1262366091,0.0041961469,0.2559681444,-0.02790455
4,3,0.1262404979,0.0061109985,0.2890567308,-0.02790455
5,3,0.1262456831,0.0079331773,0.3300516485,-0.0309018756
6,3,0.1262456831,0.0096595943,0.3852543615,-0.0309018756
7,3,0.1262482757,0.0113392887,0.4411179022,-0.0100150004
8,3,0.126249572,0.013066864,0.4944561371,-0.0189833762
9,3,0.1262521646,0.0148905874,0.5364658974,-0.0189833762
10,3,0.1262534608,0.0166270439,0.5859099691,-0.0189833762
11,3,0.1262559238,0.0183635004,0.6385637753,0.0047592186
12,3,0.1262573497,0.0199702149,0.7015784156,0.0047592186
13,3,0.1262638312,0.0216557014,0.7596368483,0.0069777116
14,3,0.1262651275,0.0234045142,0.809128122,0.0069777116
15,3,0.1262690163,0.0249838131,0.8773113789,0.016748521
16,3,0.1262716089,0.0266963291,0.9311216336,0.016748521
17,3,0.1262788681,0.0283435881,0.989675687,0.001856297
17,3,0.1262830811,0.0291189504,0.915426976,0.016701319
16,3,0.1262832755,0.0277605217,0.8227222916,-0.1220960967
15,3,0.1262806829,0.0263410834,0.7399300226,-0.1401980551
14,3,0.1262858681,0.0248282001,0.669056253,-0.1401980551
13,3,0.1262884607,0.0233145444,0.594689537,-0.1387347938
12,3,0.1262949421,0.0217804235,0.5240989792,-0.1387347938
11,3,0.1263001273,0.0200818084,0.4677870197,-0.1550430771
10,3,0.1263014236,0.0184577177,0.4065660545,-0.1550430771
9,3,0.1263001273,0.0167672115,0.3498528782,-0.1605185066
8,3,0.126298831,0.0150516064,0.2957358107,-0.1605185066
7,3,0.1262975347,0.0133298231,0.2431056054,-0.1769919968
6,3,0.1262949421,0.0115875745,0.1921274694,-0.1756231395
5,3,0.1262949421,0.009887801,0.137821594,-0.182963047
4,3,0.1262923495,0.0081768296,0.0837989304,-0.182963047
3,3,0.1262871644,0.0062222059,0.0539672805,-0.1456262826
2,3,0.1262806829,0.0039837718,0.050781147,-0.1456262826
1,3,0.1262756922,0.002150395,0.0113910965,-0.0921936437
0,3,0.1262780904,0.0005938782,-0.0591994613,-0.174395888
-1,3,0.1262729052,-0.0010734599,-0.1184851454,-0.2053367845
-2,3,0.1262780904,-0.0026878972,-0.1817829976,-0.2053367845
-3,3,0.1262793866,-0.004411225,-0.2354752473,-0.2154380077
-4,3,0.1262780904,-0.0060526919,-0.2965310055,-0.2154380077
-5,3,0.1262806829,-0.0076987924,-0.3580351826,-0.2145175691
-6,3,0.1262819792,-0.0093869818,-0.4140167282,-0.2145175691
-7,3,0.1262835348,-0.0110882999,-0.467638175,-0.2331151484
-8,3,0.1262871644,-0.0128015881,-0.5222744643,-0.2331151484
-9,3,0.126289757,-0.0143990354,-0.5869647748,-0.2295041971
0,3,0.126195063,-0.000316632,0.0308147104,-0.091650821
1,3,0.1261990167,-0.0018314461,-0.0431743898,-0.091650821
2,3,0.1262046555,-0.003379854,-0.112844509,-0.091650821
3,3,0.1262145721,-0.0049745984,-0.1788800759,-0.1604477036
4,3,0.1262223499,-0.0064766699,-0.2536480087,-0.1604477036
5,3,0.126227535,-0.0080911072,-0.3177954965,-0.180909761
6,3,0.1262288313,-0.0097402968,-0.3777656093,-0.180909761
7,3,0.1262327202,-0.0114365951,-0.4344315836,-0.2100333813
8,3,0.1262417942,-0.0130742006,-0.4948501152,-0.2103637951
9,3,0.1262473035,-0.0146496381,-0.5627029583,-0.2100333813
10,3,0.1262547571,-0.0162324122,-0.6296353628,-0.2192849689
11,3,0.1262612386,-0.0179101759,-0.686395741,-0.2192849689
12,3,0.12626772,-0.0196138108,-0.7404184046,-0.240337051
13,3,0.1262690163,-0.0212282481,-0.8040230697,-0.2474409487
14,3,0.1262742015,-0.0228280122,-0.8707902672,-0.2474409487
15,3,0.1262780904,-0.0244420634,-0.9332148829,-0.2447032339
16,3,0.1262819792,-0.0260483918,-0.9978579914,-0.2447032339
16,4,0.1363971893,-0.0238566803,-0.9216503983,-0.095946201
15,4,0.1363904486,-0.0226557953,-0.8339255226,-0.095946201
14,4,0.1363786524,-0.0213456337,-0.7570571018,-0.095946201
13,4,0.1363684117,-0.0200374027,-0.6828555927,-0.0910135943
12,4,0.1363619303,-0.0186697067,-0.6127842567,-0.0910135943
11,4,0.1363554488,-0.0172058627,-0.5531681587,-0.0803459473
10,4,0.1363476711,-0.0157875828,-0.4874394047,-0.0803459473
9,4,0.1363437822,-0.0144179561,-0.4186425221,-0.0652649154
8,4,0.1363373008,-0.0130742006,-0.3473911366,-0.0652649154
7,4,0.1363334119,-0.0116223268,-0.2850845259,-0.0700087142
6,4,0.1363321156,-0.0101399483,-0.2266012755,-0.0700087142
5,4,0.1363321156,-0.0086795795,-0.1657815271,-0.0651469105
4,4,0.1363334119,-0.0072056959,-0.1075106855,-0.0651469105
3,4,0.1363347082,-0.0057202282,-0.0497354647,-0.0845469233
2,4,0.1363373008,-0.0042768495,0.0149076439,-0.0845469233
1,4,0.1363360045,-0.0026801744,0.06135439,-0.1498744606
0,4,0.136338597,-0.0010645787,0.1066210867,-0.0698671082
0,4,0.136338597,-0.0010549253,0.1057478501,-0.0174257109
1,4,0.1363360045,0.0005560368,0.1503773201,-0.0698671082
2,4,0.136338597,0.0020391876,0.2089313735,-0.0698671082
3,4,0.1363373008,0.0035883678,0.2601219184,-0.0698671082
4,4,0.1363373008,0.0053055175,0.2931633029,-0.0254736481
5,4,0.1363360045,0.007073251,0.3249538349,-0.0308074716
6,4,0.1363360045,0.0087807473,0.3607565351,-0.0308074716
7,4,0.1363338656,0.0104040657,0.4049847883,-0.0174257109
8,4,0.1363334119,0.0120327901,0.448009391,-0.0174257109
9,4,0.1363347082,0.0136526333,0.4922612452,-0.0201398246
10,4,0.1363334119,0.0152786547,0.5358758726,-0.0110062419
11,4,0.1363334119,0.0168892307,0.5813077763,-0.0110062419
12,4,0.1363321156,0.018495173,0.6267632809,0.0022575138
13,4,0.1363347082,0.0200177097,0.6787798604,0.0022575138
14,4,0.1363334119,0.0216479787,0.7237869462,0.0076857413
15,4,0.1363347082,0.0232141489,0.7732074169,0.0076857413
16,4,0.1363360045,0.02469228,0.832445899,0.0109898797
17,4,0.1363376248,0.0262179058,0.887719415,0.0109898797
18,4,0.1363398933,0.0277485515,0.9399956054,0.0021395089
19,4,0.1363411896,0.0292803556,0.9925078057,0.014506427
19,4,0.1363402174,0.030016332,0.919557149,0.014506427
18,4,0.1363398933,0.028789962,0.8364580672,-0.1212228601
17,4,0.1363398933,0.0274693747,0.7612889175,-0.1212228601
16,4,0.1363411896,0.0261248469,0.6894239064,-0.1393012176
15,4,0.1363450785,0.024715062,0.624308778,-0.1393012176
14,4,0.1363450785,0.0233002574,0.560704113,-0.1376963503
13,4,0.1363437822,0.0218406608,0.501088015,-0.1376963503
12,4,0.1363411896,0.0202212038,0.4552548946,-0.1525885743
11,4,0.1363411896,0.0186809047,0.4046779754,-0.1525885743
10,4,0.136338597,0.0171278631,0.3528502038,-0.1562939296
9,4,0.136338597,0.0155389108,0.30574263,-0.1562939296
8,4,0.1363411896,0.013973899,0.2560861493,-0.1721537941
7,4,0.1363398933,0.0123111946,0.2150204287,-0.1721537941
6,4,0.1363373008,0.0106809257,0.1726802546,-0.174537494
5,4,0.1363373008,0.0090274886,0.1304344845,-0.1805085442
4,4,0.1363373008,0.0073837049,0.0884011233,-0.1805085442
3,4,0.1363373008,0.0056866344,0.0508519499,-0.1448710509
2,4,0.136338597,0.0041081078,0.0029655435,-0.1448710509
1,4,0.1363398933,0.0025102743,-0.044920863,-0.0963002158
0,4,0.1363398933,0.0010047275,-0.1013744284,-0.1715401684
-1,4,0.136338597,-0.0005174231,-0.1556803038,-0.2043455429
-2,4,0.1363398933,-0.0019940096,-0.2138803424,-0.2043455429
-3,4,0.1363398933,-0.0035910708,-0.2604450935,-0.2043455429
-4,4,0.1363411896,-0.0051603301,-0.3094171455,-0.2081453021
-5,4,0.1363404767,-0.0066257187,-0.3705673077,-0.2081453021
-6,4,0.1363424859,-0.0081644732,-0.4242359564,-0.2131487118
-7,4,0.1363437822,-0.0096464656,-0.4819875763,-0.2131487118
-8,4,0.1363463748,-0.0111871508,-0.5329893132,-0.231769892
-9,4,0.1363489674,-0.0127344004,-0.5862095432,-0.2253268221
0,4,0.1363702913,8.07025585356461e-05,-0.0073244877,-0.0905415745
1,4,0.1363671802,-0.0011383308,-0.0931848853,-0.0905415745
2,4,0.1363632266,-0.0025554523,-0.1587484324,-0.0905415745
3,4,0.1363632266,-0.004063702,-0.2143995642,-0.1570963632
4,4,0.1363632266,-0.005555734,-0.2697910851,-0.1570963632
5,4,0.1363645228,-0.0069651328,-0.3370303025,-0.1570963632
6,4,0.1363658191,-0.0084818775,-0.3923038185,-0.1790924848
7,4,0.1363658191,-0.0099005435,-0.4579381686,-0.1790924848
8,4,0.136369708,-0.0114211496,-0.5112764035,-0.2060448141
9,4,0.136369708,-0.0129151123,-0.5672815501,-0.2060448141
10,4,0.1363735969,-0.0143318477,-0.6335531269,-0.210552603
11,4,0.136375282,-0.0157632562,-0.6959305405,-0.2173260868
12,4,0.1363761895,-0.0172753673,-0.7514400664,-0.2173260868
13,4,0.1363813746,-0.0187917259,-0.8063595676,-0.2392986075
14,4,0.1363852635,-0.0203100152,-0.8604766351,-0.2392986075
15,4,0.1363930412,-0.0217391069,-0.9233968715,-0.2436647904
16,4,0.1363969301,-0.0232380894,-0.9806292695,-0.2436647904
17,5,0.1465561493,-0.0231732184,-0.9318224245,-0.2472049388
16,5,0.1465533622,-0.0220182837,-0.8528771167,-0.095780994
15,5,0.1465494734,-0.0208359333,-0.7794072383,-0.0895975349
14,5,0.1465455845,-0.0196713452,-0.705606946,-0.0895975349
13,5,0.1465403993,-0.0183974804,-0.6421438869,-0.0895975349
12,5,0.1465339179,-0.0171008335,-0.5788224337,-0.0819744155
11,5,0.1465313253,-0.0157841076,-0.520811203,-0.0819744155
10,5,0.1465248439,-0.0145198962,-0.457064932,-0.063896058
9,5,0.1465222513,-0.0132935262,-0.3884332563,-0.063896058
8,5,0.1465183624,-0.0119841369,-0.3285811485,-0.06823864
7,5,0.1465144735,-0.0105982925,-0.2754553225,-0.06823864
6,5,0.1465131773,-0.0092572399,-0.221125846,-0.0679318271
5,5,0.1465131773,-0.007935108,-0.1610849303,-0.0863878005
4,5,0.1465144735,-0.0065952139,-0.1052921926,-0.0863878005
3,5,0.1465170661,-0.005307062,-0.0433395967,-0.0863878005
2,5,0.1465170661,-0.0038976633,0.0068125047,-0.0863878005
1,5,0.1465196587,-0.0023415326,0.0439604612,-0.146806332
0,5,0.1465196587,-0.0008715104,0.0881651134,-0.0863878005
0,5,0.1465183624,-0.0008626293,0.0863714382,-0.0863878005
1,5,0.146520955,0.0005602843,0.1342814457,-0.0700323152
2,5,0.1465222513,0.001944198,0.1868880499,-0.0700323152
3,5,0.1465235476,0.0033354483,0.2384326096,-0.0700323152
4,5,0.1465261402,0.0048927374,0.2727956495,-0.0302174469
5,5,0.1465274364,0.0065179865,0.3006920183,-0.0302174469
6,5,0.1465339179,0.0081320377,0.3303112594,-0.0308546736
7,5,0.1465378068,0.0096101688,0.3752003403,-0.0308546736
8,5,0.1465391031,0.0111064483,0.4150624105,-0.0175437159
9,5,0.1465403993,0.0125208668,0.4638456545,-0.0175437159
10,5,0.1465425382,0.0140306611,0.5036369218,-0.0218862978
11,5,0.1465468808,0.0153145654,0.5655423157,-0.0077257045
12,5,0.1465493437,0.0165583116,0.6313890747,-0.0077257045
13,5,0.1465507697,0.0180630861,0.6718411696,0.0054200463
14,5,0.1465546585,0.0193940991,0.7306784349,0.0054200463
15,5,0.146560427,0.0208625767,0.773018609,0.0054200463
16,5,0.1465624363,0.022694409,0.7803349156,0.00407479
17,5,0.1465650289,0.023969046,0.8434439599,0.00407479
18,5,0.1465689177,0.0253239995,0.8975138254,0.0129015598
19,5,0.146570214,0.0267577249,0.9456362418,0.0129015598
19,5,0.1465762418,0.0276141759,0.8656288894,0.0012662723
18,5,0.1465753992,0.026243777,0.8063432053,-0.1196415938
17,5,0.1465732603,0.0252780492,0.7131429002,-0.140481267
16,5,0.1465753992,0.0241775598,0.6326635281,-0.140481267
15,5,0.1465739084,0.0226376469,0.5958459854,-0.1376019464
14,5,0.1465687881,0.0216062759,0.5098203809,-0.1376019464
13,5,0.1465676214,0.0199211756,0.4869510227,-0.1499452635
12,5,0.1465673622,0.0188519632,0.4047487784,-0.1499452635
11,5,0.1465650289,0.0174626436,0.3513397405,-0.157450378
10,5,0.14656114,0.0160540171,0.3016596589,-0.157450378
9,5,0.1465572511,0.0146654697,0.2529944198,-0.1711389516
8,5,0.1465533622,0.0131888832,0.2081997429,-0.1711389516
7,5,0.1465468808,0.0116288912,0.174049112,-0.1771808047
6,5,0.1465446771,0.0101017207,0.1349894753,-0.1771808047
5,5,0.1465416956,0.0086625895,0.0900295915,-0.1747735039
4,5,0.1465391031,0.0070767263,0.0555957487,-0.1454610757
3,5,0.1465352142,0.0056302584,0.0105650619,-0.1454610757
2,5,0.1465326216,0.0041250978,-0.0314682993,-0.1454610757
1,5,0.1465313253,0.0027037288,-0.0796379176,-0.0927128655
0,5,0.1465286031,0.0013333298,-0.1334953743,-0.1454610757
-1,5,0.1465287327,-1.15840993113368e-06,-0.1910109842,-0.1736642574
-2,5,0.1465261402,-0.0013900919,-0.2426735489,-0.204133134
-3,5,0.1465268531,-0.0027724611,-0.2947609314,-0.204133134
-4,5,0.1465261402,-0.0042760772,-0.3368650956,-0.2110246228
-5,5,0.1465287327,-0.0056491791,-0.3897785127,-0.2110246228
-6,5,0.1465274364,-0.0069705387,-0.4499610343,-0.2110246228
-7,5,0.146530029,-0.0083760761,-0.4981306527,-0.214895185
-8,5,0.1465313253,-0.0097375939,-0.5514688875,-0.214895185
-9,5,0.1465316494,-0.0112029824,-0.5965467763,-0.2295277981
0,5,0.1465066958,-0.0004386512,0.0439132592,-0.0875914509
1,5,0.1465079921,-0.0015348932,-0.0382181821,-0.0875914509
2,5,0.146511881,-0.0028103025,-0.1024600739,-0.0875914509
3,5,0.1465105847,-0.0039814549,-0.1747735039,-0.0875914509
4,5,0.146511881,-0.0051518351,-0.2481489783,-0.1556331019
5,5,0.1465157698,-0.006394809,-0.3159782204,-0.1556331019
6,5,0.1465183624,-0.007711921,-0.3748862887,-0.1772516077
7,5,0.1465196587,-0.0090410034,-0.4317882729,-0.1772516077
8,5,0.1465235476,-0.0103561848,-0.491097558,-0.2061392181
9,5,0.1465261402,-0.0117149996,-0.5463946749,-0.2061392181
10,5,0.146530029,-0.0130969827,-0.5990956831,-0.2083105091
11,5,0.1465339179,-0.0143720059,-0.6617327076,-0.2083105091
12,5,0.1465391031,-0.0156647914,-0.722623259,-0.2162640423
13,5,0.146540529,-0.017028626,-0.7766459226,-0.2162640423
14,5,0.1465429919,-0.0184766384,-0.8239659053,-0.2378353462
15,5,0.146546103,-0.019862869,-0.875604869,-0.2378353462
16,5,0.1465507697,-0.0211734167,-0.93505576,-0.2472049388
17,5,0.1465546585,-0.0224951625,-0.9941762372,-0.2472049388
17,6,0.1564638234,-0.0209135468,-0.9250489407,-0.0893615251
16,6,0.1564609067,-0.0198871956,-0.8467644606,-0.0893615251
15,6,0.1564550734,-0.0188843987,-0.7704624635,-0.0893615251
14,6,0.1564492401,-0.0180920463,-0.6735804041,-0.0893615251
13,6,0.1564430827,-0.0167965579,-0.6268032441,-0.0796851196
12,6,0.1564401661,-0.0153392782,-0.5940686725,-0.0796851196
11,6,0.1564362772,-0.0141974721,-0.5303460025,-0.0647220927
10,6,0.1564304439,-0.0130989134,-0.4630123812,-0.0647220927
9,6,0.1564272032,-0.0118242763,-0.4147247579,-0.068262241
8,6,0.156422018,-0.0105843915,-0.3624249665,-0.068262241
7,6,0.1564181291,-0.009271527,-0.3142081462,-0.0650525065
6,6,0.156412944,-0.0080802954,-0.2559373047,-0.0650525065
5,6,0.1564168329,-0.0068041138,-0.2065640359,-0.0857505738
4,6,0.1564161199,-0.0056101793,-0.1487180121,-0.0857505738
3,6,0.1564168329,-0.0044185616,-0.0904707715,-0.0857505738
2,6,0.1564181291,-0.0031427661,-0.0412155077,-0.0857505738
1,6,0.1564194254,-0.0017777731,-0.00022059,-0.1486000072
0,6,0.1564246106,-0.0005479279,0.0551945319,-0.0857505738
0,6,0.1564246106,-0.0005359577,0.0543212953,-0.0857505738
1,6,0.156422018,0.000700838,0.1070695055,-0.0674598074
2,6,0.156422731,0.0019109902,0.1628386422,-0.0674598074
3,6,0.1564279161,0.0032080232,0.2123771179,-0.0674598074
4,6,0.1564297958,0.0044637396,0.2620335985,-0.0285653777
5,6,0.156431092,0.0059692864,0.288749918,-0.0285653777
6,6,0.1564348513,0.0076848915,0.2946737662,-0.0308310726
7,6,0.1564388698,0.0092777051,0.3130117345,-0.0308310726
8,6,0.1564401661,0.0106067875,0.3576176035,-0.0161984595
9,6,0.1564414624,0.0119018898,0.4049847883,-0.0161984595
10,6,0.1564440549,0.0132274969,0.4495198543,-0.0205882434
11,6,0.1564427587,0.0146110245,0.4875882494,-0.0205882434
12,6,0.1564427587,0.0159767898,0.5274031176,-0.008716946
13,6,0.1564453512,0.0173329017,0.5692240699,-0.008716946
14,6,0.1564440549,0.018619509,0.6176296982,0.0049952285
15,6,0.1564453512,0.0198833342,0.6680178094,0.0049952285
16,6,0.1564466475,0.0212684063,0.7064638203,0.0062932829
17,6,0.1564482031,0.0226137064,0.7491580093,0.0062932829
18,6,0.1564505364,0.0238879573,0.7982716671,0.0062932829
19,6,0.1564518327,0.0251622083,0.8484001675,0.0126183479
20,6,0.156453129,0.0264874292,0.8933836524,0.0009830604
21,6,0.1564557216,0.0277423733,0.9449754141,0.0009830604
22,6,0.1564591567,0.0290807229,0.987622401,0.0168665259
22,6,0.1564666104,0.0297680461,0.9225308736,-0.0943885357
21,6,0.1564660919,0.028744784,0.8440339846,-0.1199248057
20,6,0.1564673882,0.0276798192,0.773065811,-0.1199248057
19,6,0.1564673882,0.0265125281,0.7139217328,-0.1363746949
18,6,0.1564647956,0.0253471677,0.6536920092,-0.1363746949
17,6,0.1564660919,0.0241431936,0.5974036507,-0.1363746949
16,6,0.1564686845,0.0229450116,0.5396756319,-0.1342270049
15,6,0.1564688789,0.0217093744,0.4872814365,-0.1342270049
14,6,0.1564699807,0.0202192731,0.4596682795,-0.1483167953
13,6,0.1564725733,0.0190222495,0.4016098468,-0.1483167953
12,6,0.1564712122,0.0178275427,0.3446370597,-0.1483167953
11,6,0.1564699807,0.0164938267,0.2994175649,-0.1483167953
10,6,0.1564686845,0.0151740117,0.2551421098,-0.1483167953
9,6,0.1564647956,0.0138773648,0.2085773587,-0.1707377348
8,6,0.1564647956,0.0125081243,0.1685028796,-0.1707377348
7,6,0.1564606475,0.0110326962,0.1384588207,-0.1760951592
6,6,0.1564596104,0.0094584171,0.1180911673,-0.1788564749
5,6,0.1564570178,0.007884138,0.0984787455,-0.1788564749
4,6,0.1564556567,0.0065195311,0.0582862614,-0.1456498836
3,6,0.1564557216,0.0052360129,0.008181362,-0.1456498836
2,6,0.156453129,0.0039528808,-0.040578281,-0.1456498836
1,6,0.1564544253,0.0026840358,-0.0912732052,-0.0922172447
0,6,0.1564544253,0.0014603688,-0.1469715389,-0.1456498836
-1,6,0.1564544253,0.0002776322,-0.2047467597,-0.1456498836
-2,6,0.1564518975,-0.0009672723,-0.2569049452,-0.2053603855
-3,6,0.156453129,-0.0022492459,-0.3067738347,-0.2053603855
-4,6,0.1564509901,-0.0035976351,-0.348783595,-0.2053603855
-5,6,0.1564494345,-0.0049348263,-0.3926814343,-0.2119686623
-6,6,0.1564492401,-0.0061681467,-0.4479077483,-0.2119686623
-7,6,0.1564518327,-0.0073991504,-0.5004435496,-0.2137151355
-8,6,0.1564518327,-0.0086911636,-0.5489435817,-0.2137151355
-9,6,0.156451379,-0.0099480384,-0.6008657573,-0.2137151355
0,6,0.1564246106,0.0001390092,-0.0148296021,-0.0863405985
1,6,0.1564259717,-0.0008143622,-0.0952145703,-0.0863405985
2,6,0.1564297958,-0.001729506,-0.1815705887,-0.0863405985
3,6,0.1564338142,-0.0029979649,-0.2322183108,-0.0863405985
4,6,0.1564362772,-0.0042193151,-0.2869490041,-0.1579695998
5,6,0.1564375735,-0.0054441405,-0.3432845645,-0.1579695998
6,6,0.1564375735,-0.0066164514,-0.4020746279,-0.1579695998
7,6,0.1564388698,-0.0078374155,-0.4578673656,-0.1769683958
8,6,0.1564392587,-0.0090749834,-0.5096715362,-0.1769683958
9,6,0.1564401661,-0.0102322349,-0.571742137,-0.2040859321
10,6,0.1564414624,-0.0116462673,-0.6095745222,-0.2040859321
11,6,0.1564427587,-0.0128873105,-0.6622991314,-0.2040859321
12,6,0.1564440549,-0.0140217799,-0.7251957668,-0.2081925041
13,6,0.1564466475,-0.0152346351,-0.7802804748,-0.2081925041
14,6,0.1564492401,-0.0164451735,-0.8377016808,-0.2176328997
15,6,0.1564517031,-0.017735256,-0.8847856537,-0.2176328997
16,6,0.1564544253,-0.0190570018,-0.9298163405,-0.2362304789
17,6,0.1564596104,-0.020332025,-0.9800864468,-0.2362304789
19,7,0.1664179695,-0.0223607869,-0.9111951602,-0.2433107756
18,7,0.1664121362,-0.0214440985,-0.8353651829,-0.095875398
17,7,0.1664047473,-0.0204189057,-0.771524508,-0.0891491162
16,7,0.1663956733,-0.0194358018,-0.7049225173,-0.0891491162
15,7,0.1663891918,-0.0183909161,-0.6441263699,-0.0891491162
14,7,0.1663840067,-0.0172823178,-0.5895844846,-0.0801571394
13,7,0.1663788215,-0.0161686997,-0.5360810428,-0.0801571394
12,7,0.1663736363,-0.0150535371,-0.4819875763,-0.0801571394
11,7,0.1663697475,-0.0140013147,-0.4217106506,-0.0631644274
10,7,0.1663645623,-0.0129212905,-0.3638410259,-0.0631644274
9,7,0.1663591827,-0.0117910686,-0.312485274,-0.0679554281
8,7,0.1663580809,-0.0108114399,-0.2443020171,-0.0679554281
7,7,0.1663591827,-0.0093908432,-0.2208898361,-0.06609095
6,7,0.1663580809,-0.008276839,-0.1661355419,-0.06609095
5,7,0.1663580809,-0.0071060727,-0.1181311305,-0.085254953
4,7,0.1663606086,-0.0059700586,-0.0670349896,-0.085254953
3,7,0.1663593772,-0.0048545099,-0.010841035,-0.085254953
2,7,0.1663612568,-0.0037439809,0.0431816286,-0.085254953
1,7,0.166361192,-0.0024990764,0.0851677878,-0.1459330954
0,7,0.1663643679,-0.0012931716,0.1289240212,-0.085254953
0,7,0.1663645623,-0.0012819737,0.1281451886,-0.085254953
1,7,0.1663651456,-0.0001305142,0.1764564128,-0.085254953
2,7,0.1663658586,0.0010599451,0.2242012133,-0.066020147
3,7,0.166368516,0.0021542563,0.2792859214,-0.066020147
4,7,0.1663762289,0.0031277068,0.3487908337,-0.066020147
5,7,0.1663762289,0.0046653029,0.3606149291,-0.0308074716
6,7,0.1663775252,0.0062094634,0.3716837929,-0.0308074716
7,7,0.1663788215,0.0077543961,0.3825402478,-0.030028639
8,7,0.1663825807,0.0090058649,0.4236059685,-0.030028639
9,7,0.1663846548,0.0101847401,0.4703595275,-0.0149712081
10,7,0.1663851733,0.0113937339,0.5147529876,-0.0149712081
11,7,0.1663865992,0.0125339955,0.5662739463,-0.0213906771
12,7,0.1663904233,0.0137692466,0.607316066,-0.0213906771
13,7,0.1663904881,0.0150299827,0.6462576977,-0.0132955379
14,7,0.1664018306,0.0163648571,0.6779302248,-0.0132955379
15,7,0.1664070806,0.0175931578,0.7213796453,-0.0132955379
16,7,0.166403451,0.0187592904,0.7690300419,0.0084173719
17,7,0.1664047473,0.0199559279,0.8146271524,0.0084173719
18,7,0.1664122658,0.0212151195,0.8551972523,0.0088657907
19,7,0.166412525,0.0224909149,0.8933836524,0.0088657907
20,7,0.1664112288,0.0236620674,0.9404440242,0.0088657907
21,7,0.166414988,0.0247814775,0.99404187,0.0109426777
21,7,0.1664173861,0.0254027714,0.9361250432,-0.1395608284
20,7,0.1664270435,0.0245841617,0.8479045468,-0.1395608284
19,7,0.1664280805,0.0236404437,0.7775027969,-0.1352182465
18,7,0.1664280805,0.0226739437,0.7084935054,-0.1352182465
17,7,0.1664282101,0.0215491277,0.6569961476,-0.1352182465
16,7,0.1664280805,0.0201571051,0.6303270302,-0.1524941703
15,7,0.1664304138,0.0191492884,0.5656367196,-0.1524941703
14,7,0.1664293768,0.0179634628,0.5191427715,-0.1578515948
13,7,0.1664280805,0.0167583303,0.4754809421,-0.1578515948
12,7,0.1664254879,0.0155547424,0.430969477,-0.1578515948
11,7,0.1664241917,0.0143731643,0.3835314894,-0.1711861535
10,7,0.1664190065,0.0131367548,0.3415925321,-0.1711861535
9,7,0.1664177102,0.0119173352,0.2969630621,-0.1756467404
8,7,0.1664136917,0.0107048662,0.2534664396,-0.1756467404
7,7,0.1664060436,0.0095070703,0.2088369696,-0.1804613422
6,7,0.1664038399,0.0080775924,0.1863924291,-0.1804613422
5,7,0.1664015066,0.006587105,0.1695885251,-0.1445406371
4,7,0.166398201,0.0050591623,0.1562775673,-0.1445406371
3,7,0.1663956733,0.0039181285,0.1048038105,-0.1445406371
2,7,0.1663969696,0.0028751734,0.0433468355,-0.0962294128
1,7,0.1663969696,0.0017437931,-0.0083393302,-0.1445406371
0,7,0.1663969696,0.0006417591,-0.0646276887,-0.1445406371
-1,7,0.1663967751,-0.0005309379,-0.1131985238,-0.204180336
-2,7,0.1663956733,-0.0018457332,-0.1470659429,-0.204180336
-3,7,0.1663956733,-0.0030211331,-0.1941027138,-0.204180336
-4,7,0.1663959325,-0.0042224042,-0.2398178292,-0.2109302188
-5,7,0.1663947011,-0.0054043685,-0.286972605,-0.2109302188
-6,7,0.1663946362,-0.0065508082,-0.3382575539,-0.2109302188
-7,7,0.1663940529,-0.0077609604,-0.3846570981,-0.2120158643
-8,7,0.1663930807,-0.0089583701,-0.429404573,-0.2120158643
-9,7,0.1663956733,-0.0101333839,-0.4764413439,-0.2311562663
0,7,0.1663891918,-0.0004637501,0.0466273729,-0.08733184
1,7,0.1663903585,-0.0013202012,-0.0344656249,-0.08733184
2,7,0.1663904881,-0.002105217,-0.1203732245,-0.08733184
3,7,0.166391914,-0.0033327454,-0.1643418668,-0.08733184
4,7,0.1663930807,-0.0044865217,-0.2141399533,-0.1547834663
5,7,0.1663917844,-0.0055711795,-0.2704991148,-0.1547834663
6,7,0.1663930807,-0.0066952233,-0.3246869853,-0.1547834663
7,7,0.1663930807,-0.0078239007,-0.378520841,-0.1783608542
8,7,0.1663929511,-0.0089788354,-0.4261004346,-0.1783608542
9,7,0.1663917844,-0.0101256612,-0.4777629992,-0.2059504102
10,7,0.1663917844,-0.0113103284,-0.5240681394,-0.2059504102
11,7,0.1663930807,-0.0124946095,-0.5715533291,-0.2059504102
12,7,0.1663930807,-0.0136445244,-0.6216346275,-0.2065640359
13,7,0.166394377,-0.0147438555,-0.6773093603,-0.2065640359
14,7,0.1663982659,-0.0158825724,-0.7286887131,-0.2180577175
15,7,0.1663988492,-0.0170714872,-0.7753950701,-0.2180577175
16,7,0.1664021547,-0.0182758473,-0.8198357322,-0.2368441046
17,7,0.1664047473,-0.0194941085,-0.8659756655,-0.2368441046
18,7,0.1664085714,-0.0206637164,-0.9124932146,-0.2368441046
19,7,0.166414275,-0.0218418193,-0.9602852171,-0.2433107756
20,8,0.1766299476,-0.0219595909,-0.9120211948,-0.0927836684
19,8,0.1766265125,-0.0210853776,-0.8403213906,-0.0927836684
18,8,0.1766246977,-0.0201984217,-0.7743566266,-0.0878038598
17,8,0.1766211977,-0.0192624265,-0.7114835922,-0.0878038598
16,8,0.1766178273,-0.0183843517,-0.6444331828,-0.0878038598
15,8,0.1766104385,-0.0178476218,-0.5444593938,-0.0787174791
14,8,0.1766052533,-0.0169521709,-0.4794622704,-0.0787174791
13,8,0.1766026607,-0.0158740774,-0.4324018986,-0.0787174791
12,8,0.1765987719,-0.014852746,-0.3787804518,-0.061960777
11,8,0.1765935867,-0.0138773648,-0.3202972014,-0.061960777
10,8,0.1765922904,-0.0128764987,-0.2644572616,-0.061960777
9,8,0.1765896978,-0.011806514,-0.2176801017,-0.0677666202
8,8,0.1765871053,-0.0107114305,-0.1717761783,-0.0677666202
7,8,0.1765871053,-0.0096468518,-0.1227805253,-0.0634948412
6,8,0.176585809,-0.0085220357,-0.078953489,-0.0634948412
5,8,0.1765884015,-0.0074678827,-0.0304298558,-0.0851133471
4,8,0.1765914478,-0.0063685517,0.0164889101,-0.0851133471
3,8,0.1765922904,-0.0053213491,0.0665230066,-0.0851133471
2,8,0.1765935867,-0.0042251072,0.1112232795,-0.0851133471
1,8,0.1765939108,-0.0030825288,0.1524542071,-0.0851133471
0,8,0.1765950126,-0.0014039928,0.1372551703,-0.1456026816
0,8,0.1765971515,-0.0011603406,0.1153298516,-0.0851133471
1,8,0.176594883,-0.0001023262,0.165552756,-0.0851133471
2,8,0.1765970219,0.0009236389,0.2170501137,-0.0648400976
3,8,0.1765961793,0.0020708508,0.2585642532,-0.0648400976
4,8,0.1765974756,0.003179063,0.3010696342,-0.0648400976
5,8,0.1765987719,0.0044096805,0.3340166147,-0.0276921411
6,8,0.1766026607,0.0056603771,0.3656655408,-0.0276921411
7,8,0.176603957,0.0070191919,0.3853251645,-0.0274797322
8,8,0.1766061607,0.0083011656,0.4107434295,-0.0274797322
9,8,0.1766078459,0.0095008921,0.4452244743,-0.0274797322
10,8,0.1766117348,0.0106743614,0.4830568595,-0.0152780209
11,8,0.1766182162,0.0118698404,0.5189067616,-0.0152780209
12,8,0.1766195125,0.0129649239,0.5642678623,-0.0152780209
13,8,0.1766253458,0.0141889771,0.5973092467,-0.021532283
14,8,0.1766291699,0.0153323277,0.6369353071,-0.0091653648
15,8,0.1766341606,0.0165459552,0.6713927509,-0.0091653648
16,8,0.1766402531,0.0176947117,0.7104051855,-0.0091653648
17,8,0.1766428457,0.0188121911,0.7554122713,0.0031779524
18,8,0.1766445309,0.0199323735,0.7980828592,0.0031779524
19,8,0.1766467346,0.0211610603,0.8293305685,0.0066472977
20,8,0.1766506235,0.0223260346,0.8692162397,0.0066472977
21,8,0.1766535401,0.0234230488,0.9148133503,0.0066472977
22,8,0.1766590493,0.0244602118,0.9646822398,0.0100458401
22,8,0.1766635864,0.0251035155,0.9038388904,-0.1394192225
21,8,0.1766644938,0.024226213,0.8335787465,-0.1394192225
20,8,0.1766648827,0.0233705342,0.764475051,-0.1324333298
19,8,0.1766648827,0.0224407172,0.702994475,-0.1324333298
18,8,0.1766635864,0.021380386,0.6547304527,-0.1324333298
17,8,0.1766648827,0.0202837579,0.6081893026,-0.1501104705
16,8,0.1766635864,0.0192516146,0.5569515557,-0.1501104705
15,8,0.1766648827,0.0181982339,0.5076962919,-0.1501104705
14,8,0.1766606697,0.0170599031,0.4660641475,-0.1571199642
13,8,0.1766571049,0.0159424236,0.4231575497,-0.1571199642
12,8,0.1766549012,0.0148091126,0.3814782033,-0.1710681486
11,8,0.1766545123,0.0136680788,0.339751655,-0.1710681486
10,8,0.1766506235,0.0124745304,0.3046805855,-0.1710681486
9,8,0.1766506235,0.0113377441,0.263142845,-0.1741834791
8,8,0.1766454383,0.0101318394,0.229110219,-0.1741834791
7,8,0.1766415494,0.0088745785,0.1984289335,-0.1772752087
6,8,0.1766409661,0.0076207928,0.1702257518,-0.1442574252
5,8,0.1766376606,0.0064442344,0.1321337557,-0.1442574252
4,8,0.1766389569,0.0052437356,0.0971098882,-0.1442574252
3,8,0.1766389569,0.0040397616,0.061448794,-0.1442574252
2,8,0.1766363643,0.0029338662,0.0181409793,-0.0934680971
1,8,0.1766376606,0.0018522975,-0.0292734073,-0.1442574252
0,8,0.1766324754,0.0007919663,-0.0781746563,-0.1442574252
-1,8,0.1766337717,-0.0002629591,-0.1295540091,-0.2007817936
-2,8,0.1766311791,-0.0013603594,-0.1747027009,-0.2007817936
-3,8,0.1766285865,-0.0024797695,-0.217019274,-0.2007817936
-4,8,0.1766298828,-0.0036574863,-0.2555596888,-0.2007817936
-5,8,0.1766285865,-0.0048027676,-0.2959645818,-0.2114730416
-6,8,0.1766311791,-0.0058314356,-0.34866559,-0.2114730416
-7,8,0.1766311791,-0.0069191825,-0.3937198778,-0.2114730416
-8,8,0.1766298828,-0.0079895533,-0.4438483782,-0.2100805832
-9,8,0.1766320217,-0.0091124387,-0.4851029068,-0.2100805832
0,8,0.1765909941,-0.0006799866,0.0675142481,-0.0855617658
1,8,0.1765921608,-0.0016152096,0.0062696819,-0.0855617658
2,8,0.1765935867,-0.0026010164,-0.051316731,-0.0855617658
3,8,0.1765909941,-0.0036235063,-0.104371754,-0.0855617658
4,8,0.1765909941,-0.0044243537,-0.1798477165,-0.153273003
5,8,0.1765896978,-0.0052402604,-0.2523263534,-0.153273003
6,8,0.1765909941,-0.006231087,-0.3101723771,-0.153273003
7,8,0.176594883,-0.0072752005,-0.359286035,-0.1754815335
8,8,0.1765961793,-0.0083436406,-0.4088717127,-0.1754815335
9,8,0.1765961793,-0.00935918,-0.461171504,-0.1754815335
10,8,0.1765987719,-0.0104407487,-0.5081846739,-0.2011358084
11,8,0.1766026607,-0.0115910498,-0.5490143847,-0.2011358084
12,8,0.1766052533,-0.012710846,-0.5911893519,-0.2011358084
13,8,0.1766091422,-0.0137692466,-0.6415302612,-0.2057380013
14,8,0.1766104385,-0.0148828647,-0.6852392926,-0.2057380013
15,8,0.1766117348,-0.0159327702,-0.7357454088,-0.2057380013
16,8,0.1766143273,-0.0170745762,-0.7768347305,-0.2139275444
17,8,0.1766143273,-0.018184333,-0.820236949,-0.2139275444
18,8,0.1766169199,-0.019303357,-0.8640167834,-0.2350032275
19,8,0.1766226884,-0.0203957375,-0.9096846969,-0.2350032275
20,8,0.1766272902,-0.0214070294,-0.9622440992,-0.244679633
20,9,0.1866831303,-0.0200242741,-0.9234440735,-0.0887006974
19,9,0.1866826118,-0.0192473671,-0.852098284,-0.0887006974
18,9,0.1866800192,-0.0184164011,-0.7891780477,-0.0887006974
17,9,0.1866761303,-0.0175078216,-0.7342585465,-0.0781038534
16,9,0.186674834,-0.01654248,-0.684271652,-0.0781038534
15,9,0.1866704266,-0.0155844749,-0.6342847576,-0.0781038534
14,9,0.1866683526,-0.0146600638,-0.5811353306,-0.0629992205
13,9,0.1866644637,-0.0137395141,-0.5252009869,-0.0629992205
12,9,0.1866605748,-0.0128197366,-0.4711783233,-0.0629992205
11,9,0.186656686,-0.0118165536,-0.4268556662,-0.0669877876
10,9,0.1866523434,-0.0108048756,-0.3820845903,-0.0669877876
9,9,0.1866502045,-0.0098009203,-0.335826652,-0.0627632106
8,9,0.1866463157,-0.0088348064,-0.2853677378,-0.0627632106
7,9,0.1866437231,-0.0078231284,-0.2413518935,-0.08303646
6,9,0.1866424268,-0.0068434997,-0.1932766791,-0.08303646
5,9,0.1866411305,-0.005869277,-0.1449654549,-0.08303646
4,9,0.1866398342,-0.0049274897,-0.0934208951,-0.08303646
3,9,0.1866424268,-0.0039208315,-0.0472573609,-0.08303646
2,9,0.1866411305,-0.0028346291,-0.0090709609,-0.1443046272
1,9,0.1866424268,-0.0017159912,0.0260473106,-0.08303646
0,9,0.1866437231,-0.0007108776,0.0713612093,-0.08303646
0,9,0.1866437231,-0.0007027687,0.0704171697,-0.08303646
1,9,0.1866437231,0.0003158598,0.1150702407,-0.0646040877
2,9,0.1866450194,0.0013205873,0.1605257453,-0.0646040877
3,9,0.1866450194,0.0023249287,0.2043291807,-0.0646040877
4,9,0.1866476119,0.0034053391,0.2438136351,-0.0646040877
5,9,0.1866502045,0.0043509877,0.2958538156,-0.0281641609
6,9,0.1866553897,0.005439893,0.3325061514,-0.0281641609
7,9,0.186656686,0.0066647185,0.3559891353,-0.0281641609
8,9,0.1866592786,0.0078150195,0.3865760169,-0.0295566192
9,9,0.1866605748,0.0089352019,0.4212694706,-0.0295566192
10,9,0.1866618711,0.0100337607,0.4567417569,-0.0295566192
11,9,0.1866644637,0.0111975765,0.486266594,-0.0139799665
12,9,0.1866668618,0.0122636998,0.526600684,-0.0139799665
13,9,0.1866683526,0.0133753872,0.5611761327,-0.0195970019
14,9,0.1866722415,0.0145399753,0.5911729896,-0.0195970019
15,9,0.1866735377,0.0156385341,0.6267868819,-0.0195970019
16,9,0.186677297,0.0167193305,0.6641708483,-0.0079617144
17,9,0.1866774914,0.0178008993,0.7025932582,-0.0079617144
18,9,0.186682547,0.0188585275,0.7419125057,0.0057268592
19,9,0.1866839081,0.0198806312,0.7853147242,0.0057268592
20,9,0.1866903895,0.0209900018,0.8194653552,0.0057268592
21,9,0.1866947969,0.0221360554,0.8520583208,0.0053020414
22,9,0.1866997876,0.0232014064,0.8911887604,0.0053020414
23,9,0.186704908,0.0242123121,0.9369982798,0.0162529002
24,9,0.1867104172,0.0252305544,0.9809433211,0.0162529002
24,9,0.1867215005,0.0258290662,0.9232861053,-0.1385459859
23,9,0.1867189079,0.0249996447,0.8584777898,-0.1385459859
22,9,0.1867202042,0.0241806489,0.7937638783,-0.1385459859
21,9,0.1867202042,0.0233068217,0.7353042288,-0.1342506059
20,9,0.1867202042,0.0223735294,0.6827448265,-0.1342506059
19,9,0.1867202042,0.0213854057,0.6361564744,-0.1342506059
18,9,0.1867176116,0.0203262329,0.5958223844,-0.148883219
17,9,0.1867163153,0.0192991095,0.5530573926,-0.148883219
16,9,0.186715019,0.0183349263,0.5038021287,-0.148883219
15,9,0.186715019,0.0172946741,0.4621463833,-0.1541934415
14,9,0.1867137227,0.0162613725,0.4197590073,-0.1541934415
13,9,0.1867085376,0.0152083778,0.3777728481,-0.1541934415
12,9,0.186705945,0.014117928,0.3412857192,-0.1664187538
11,9,0.1867020561,0.0130135772,0.3058370339,-0.1664187538
10,9,0.1866995932,0.0118933948,0.2716156,-0.1730978336
9,9,0.186696871,0.0107743708,0.2370165503,-0.1730978336
8,9,0.1866916858,0.0096769704,0.2000574017,-0.1776764255
7,9,0.1866903895,0.0085799562,0.1659539728,-0.1440214153
6,9,0.1866865006,0.0074532095,0.1319449478,-0.1440214153
5,9,0.1866839081,0.0063793635,0.093215725,-0.1440214153
4,9,0.1866839081,0.0053062898,0.0546989111,-0.1440214153
3,9,0.1866826118,0.0042482754,0.0138692003,-0.1440214153
2,9,0.1866800192,0.0031821521,-0.0261816778,-0.1440214153
1,9,0.1866783988,0.0021245238,-0.0674362064,-0.0933972942
0,9,0.1866787229,0.001119024,-0.1122072823,-0.1440214153
-1,9,0.1866761303,0.0001162271,-0.1568603533,-0.1440214153
-2,9,0.1866761303,-0.0008803915,-0.2044399469,-0.201985444
-3,9,0.1866761303,-0.0019299109,-0.2450808498,-0.201985444
-4,9,0.1866787229,-0.0030134104,-0.2833852547,-0.201985444
-5,9,0.1866787229,-0.0041007712,-0.3207692211,-0.2081453021
-6,9,0.1866774266,-0.005137548,-0.3633926071,-0.2081453021
-7,9,0.1866787229,-0.0061337806,-0.4069128306,-0.2081453021
-8,9,0.1866787229,-0.0071454586,-0.4546340301,-0.2118978594
-9,9,0.1866774266,-0.0082027007,-0.4949917211,-0.2118978594
0,9,0.1866631674,0.0001119796,-0.010911838,-0.0813607898
1,9,0.18666576,-0.0006100959,-0.0837208887,-0.0813607898
2,9,0.186664723,-0.0015206061,-0.1421333362,-0.0813607898
3,9,0.1866683526,-0.0022894042,-0.2099625783,-0.0813607898
4,9,0.1866683526,-0.0032914288,-0.25511127,-0.0813607898
5,9,0.1866696489,-0.0043073543,-0.3014400112,-0.1517153377
6,9,0.1866683526,-0.0052958641,-0.3483351762,-0.1517153377
7,9,0.1866683526,-0.0062476909,-0.397519637,-0.1517153377
8,9,0.1866683526,-0.0072334977,-0.4454060435,-0.1759299523
9,9,0.1866683526,-0.0082428589,-0.4901535184,-0.1759299523
10,9,0.1866709452,-0.0092738438,-0.533602939,-0.1759299523
11,9,0.1866709452,-0.0102476804,-0.582409784,-0.2023158579
12,9,0.1866696489,-0.0113134175,-0.6220830463,-0.2023158579
13,9,0.1866709452,-0.0123559865,-0.6653672599,-0.2023158579
14,9,0.1866722415,-0.0133684367,-0.7099731289,-0.2047939617
15,9,0.1866735377,-0.0143488377,-0.7573639146,-0.2047939617
16,9,0.186674834,-0.015341595,-0.8029846262,-0.2138095395
17,9,0.1866776211,-0.0163173623,-0.8520274811,-0.2138095395
18,9,0.1866787229,-0.0173823272,-0.8923851721,-0.2138095395
19,9,0.1866826118,-0.0183943913,-0.937156248,-0.231864296
20,9,0.1866839081,-0.0194636037,-0.975507855,-0.231864296
20,10,0.1963205279,-0.0185527073,-0.9076550119,-0.0841929085
19,10,0.196317352,-0.0178090081,-0.8407934104,-0.0757909564
18,10,0.1963166391,-0.0172444764,-0.7619661075,-0.0757909564
17,10,0.1963127502,-0.0163953619,-0.7078726409,-0.0757909564
16,10,0.196307565,-0.0155141981,-0.6590893969,-0.0757909564
15,10,0.1963023799,-0.0146044601,-0.6110141825,-0.0643444768
14,10,0.1962975836,-0.0137213656,-0.5619005246,-0.0643444768
13,10,0.1962907133,-0.0128432909,-0.5104267679,-0.0653121174
12,10,0.1962816392,-0.0119084541,-0.4663165196,-0.0653121174
11,10,0.1962751578,-0.0109512214,-0.4259352276,-0.0653121174
10,10,0.1962686763,-0.0099936025,-0.3821317923,-0.0626688066
9,10,0.1962686763,-0.0090742111,-0.3371955094,-0.0626688066
8,10,0.1962686763,-0.0081563643,-0.2897103198,-0.0626688066
7,10,0.1962686763,-0.0072006761,-0.2465677121,-0.0846177263
6,10,0.1962712689,-0.0062716314,-0.2015370253,-0.0846177263
5,10,0.1962699726,-0.0053981903,-0.15105451,-0.0846177263
4,10,0.1962712689,-0.0044641257,-0.106448641,-0.0846177263
3,10,0.1962738615,-0.0034671209,-0.0690882756,-0.0846177263
2,10,0.1962751578,-0.0024399975,-0.0322943339,-0.1451070608
1,10,0.1962751578,-0.0014140324,0.0036263712,-0.0846177263
0,10,0.1962790466,-0.0004104633,0.0424971999,-0.0846177263
0,10,0.1962790466,-0.0003996514,0.0398066871,-0.0846177263
1,10,0.1962790466,0.0006653134,0.0713140073,-0.0634948412
2,10,0.1962816392,0.001590883,0.1179967633,-0.0634948412
3,10,0.1962803429,0.0025878878,0.1542714833,-0.0634948412
4,10,0.1962829355,0.0036061301,0.1914666418,-0.0634948412
5,10,0.1962816392,0.0046722534,0.2236583906,-0.0285417767
6,10,0.1962829355,0.0058476533,0.2437192312,-0.0285417767
7,10,0.1962855281,0.0069964098,0.2662345746,-0.0285417767
8,10,0.1962868244,0.0080857013,0.295051382,-0.0289665945
9,10,0.1962907133,0.0091425573,0.3285647862,-0.0289665945
10,10,0.196294278,0.0101214137,0.3680256396,-0.0131539319
11,10,0.1962997873,0.0110357853,0.4144959868,-0.0131539319
12,10,0.1963010836,0.0120223644,0.4525879828,-0.0199510167
13,10,0.1963023799,0.0130124188,0.4942673292,-0.0199510167
14,10,0.196305491,0.0141013241,0.5213376635,-0.0199510167
15,10,0.1963088613,0.0151357842,0.5555590974,-0.0072064827
16,10,0.1963118428,0.0161706304,0.5897097283,-0.0072064827
17,10,0.1963170279,0.0172842484,0.6166620576,-0.0072064827
18,10,0.1963192316,0.0184179456,0.6408766722,0.0051840364
19,10,0.1963218242,0.0193913961,0.6820367968,0.0051840364
20,10,0.1963244168,0.0204050048,0.7183823197,0.0051840364
21,10,0.1963283705,0.0215012467,0.745476255,0.0043580018
22,10,0.1963310279,0.0225847462,0.7759451316,0.0043580018
23,10,0.1963354353,0.0235184246,0.8205273997,0.0043580018
24,10,0.1963395834,0.0244455386,0.8655344855,0.0133735796
25,10,0.1963423704,0.0254085634,0.9072374328,0.0133735796
26,10,0.1963471667,0.0264044098,0.9455890398,0.0133735796
27,10,0.1963514444,0.0273442664,0.9888496524,0.0022811148
27,10,0.1963594166,0.0279655603,0.9294695644,-0.1200192096
26,10,0.196356824,0.0272156829,0.8652748746,-0.1200192096
25,10,0.196356824,0.0264295087,0.8050687519,-0.1374367394
24,10,0.1963581203,0.0256166911,0.7493468172,-0.1374367394
23,10,0.1963581203,0.0247648736,0.6974010406,-0.1374367394
22,10,0.196356824,0.0238867989,0.6463048997,-0.1355958623
21,10,0.1963588981,0.0230372983,0.594547931,-0.1355958623
20,10,0.1963607129,0.0221182931,0.5480539829,-0.1355958623
19,10,0.1963607129,0.0211448426,0.5072478731,-0.1355958623
18,10,0.1963620092,0.0201130855,0.4731680452,-0.1495912487
17,10,0.1963607129,0.01916512,0.4298838315,-0.1495912487
16,10,0.1963576018,0.018271986,0.3824694449,-0.1495912487
15,10,0.1963555278,0.0172606941,0.343858227,-0.1558691118
14,10,0.1963555278,0.0162258479,0.309943606,-0.1558691118
13,10,0.1963528055,0.0152249817,0.2718044079,-0.1558691118
12,10,0.1963503426,0.0142457392,0.2328627763,-0.1698408972
11,10,0.1963516389,0.0131869525,0.2001990076,-0.1698408972
10,10,0.1963502778,0.0121841557,0.1634758689,-0.1698408972
9,10,0.1963465185,0.0110867553,0.135603101,-0.1760715582
8,10,0.1963438611,0.009842623,0.1197668375,-0.1760715582
7,10,0.1963364075,0.0088900239,0.0771434516,-0.1779832383
6,10,0.1963334908,0.0079737217,0.0313339321,-0.1434077896
5,10,0.1963339445,0.0067017876,0.0207134871,-0.1434077896
4,10,0.196332389,0.0055124867,0.0001334248,-0.1434077896
3,10,0.196332713,0.0046054517,-0.0458885035,-0.1434077896
2,10,0.196329602,0.0036949415,-0.0935625011,-0.1434077896
1,10,0.1963269446,0.002760877,-0.1384987839,-0.0920756388
0,10,0.1963218242,0.0018048027,-0.1811221699,-0.1434077896
-1,10,0.1963218242,0.000867649,-0.2249964082,-0.1434077896
-2,10,0.1963244168,-6.29402729249298e-05,-0.2694606713,-0.2004513798
-3,10,0.1963232501,-0.0009993216,-0.3143969541,-0.2004513798
-4,10,0.1963257131,-0.0019685246,-0.3563123104,-0.2004513798
-5,10,0.1963234446,-0.0030161133,-0.3888344731,-0.2004513798
-6,10,0.1963244168,-0.004077603,-0.4214510397,-0.2004513798
-7,10,0.1963244168,-0.0050904394,-0.4583865874,-0.2004513798
-8,10,0.1963257131,-0.0060051971,-0.5039600969,-0.2004513798
-9,10,0.1963257131,-0.0069350141,-0.5479995422,-0.2004513798
0,10,0.1962803429,0.0004170276,-0.0420651433,-0.080983174
1,10,0.1962777504,-0.0003189489,-0.1057170104,-0.080983174
2,10,0.1962777504,-0.0011738554,-0.1588900383,-0.080983174
3,10,0.1962803429,-0.0020588806,-0.2082869081,-0.080983174
4,10,0.1962777504,-0.0029535592,-0.2569757482,-0.080983174
5,10,0.1962777504,-0.0038381982,-0.3071986525,-0.080983174
6,10,0.1962803429,-0.0047498669,-0.3522765413,-0.080983174
7,10,0.1962790466,-0.0056839314,-0.3990773023,-0.1509837071
8,10,0.1962816392,-0.0065365211,-0.450716266,-0.1509837071
9,10,0.1962803429,-0.0074906648,-0.4932924499,-0.1735698534
10,10,0.1962816392,-0.0084486698,-0.5354674171,-0.1735698534
11,10,0.1962829355,-0.0093831204,-0.580285695,-0.1735698534
12,10,0.1962855281,-0.0103476898,-0.6220830463,-0.2006165867
13,10,0.196289417,-0.011328863,-0.6634083779,-0.2006165867
14,10,0.1962933058,-0.0123108085,-0.7016183789,-0.2006165867
15,10,0.1962997873,-0.0132869619,-0.7427313015,-0.204156735
16,10,0.1963023799,-0.0142175512,-0.7873135695,-0.204156735
17,10,0.196307565,-0.0151446653,-0.8307157881,-0.204156735
18,10,0.1963101576,-0.0160652151,-0.8789562094,-0.2145883721
19,10,0.1963127502,-0.0170127944,-0.9211547775,-0.2145883721
20,10,0.1963153428,-0.0179387501,-0.9678375336,-0.2145883721
19,11,0.2064185622,-0.0155616929,-0.9319876314,-0.0777498385
18,11,0.2064173307,-0.0148975379,-0.8655744487,-0.0633532353
17,11,0.2064160344,-0.0142329967,-0.8006717292,-0.0633532353
16,11,0.2064134419,-0.013470763,-0.7466726667,-0.0633532353
15,11,0.2064121456,-0.012696559,-0.6936176436,-0.0633532353
14,11,0.206409553,-0.0118474445,-0.6467932817,-0.0662561569
13,11,0.2064069604,-0.0109662807,-0.6050903343,-0.0662561569
12,11,0.2064043678,-0.0101171662,-0.5580535634,-0.0662561569
11,11,0.2064017753,-0.0092452697,-0.5151705666,-0.0636600482
10,11,0.2063991827,-0.0083942245,-0.469833067,-0.0636600482
9,11,0.2063952938,-0.0075292784,-0.4253452029,-0.0825408393
8,11,0.2063952938,-0.0066674214,-0.380621329,-0.0825408393
7,11,0.2063952938,-0.0058148317,-0.3349534155,-0.0825408393
6,11,0.2063965901,-0.0049977666,-0.2853441368,-0.0825408393
5,11,0.2063965901,-0.0041084939,-0.2436411894,-0.0825408393
4,11,0.2063991827,-0.0031894887,-0.2045107499,-0.0825408393
3,11,0.206400479,-0.0022241471,-0.1712333555,-0.1431009768
2,11,0.2063991827,-0.0012812014,-0.1349114336,-0.0825408393
1,11,0.206400479,-0.0003753248,-0.0936097031,-0.0825408393
0,11,0.206402553,0.0004957995,-0.049074637,-0.0648636986
0,11,0.2064030715,0.0004942549,-0.0504198934,-0.0648636986
1,11,0.2064017753,0.0013742603,-0.0058612264,-0.0648636986
2,11,0.2064017753,0.0022005927,0.0416003623,-0.0648636986
3,11,0.2064043678,0.0030894793,0.0845541621,-0.0648636986
4,11,0.2064030715,0.0040189102,0.1212064978,-0.0268189045
5,11,0.2064069604,0.0049410045,0.1599829226,-0.0268189045
6,11,0.2064069604,0.0059318311,0.1927882971,-0.0268189045
7,11,0.2064069604,0.0069172518,0.2231627698,-0.0268189045
8,11,0.2064082567,0.0080239195,0.2442856549,-0.0268897075
9,11,0.2064108493,0.0091819433,0.2596262977,-0.0268897075
10,11,0.206409553,0.0103056009,0.2769730245,-0.0155140308
11,11,0.2064134419,0.011391031,0.2996535748,-0.0155140308
12,11,0.2064147382,0.0123308876,0.3359754967,-0.0154904298
13,11,0.2064160344,0.0133263478,0.3686156644,-0.0154904298
14,11,0.2064192752,0.0143411149,0.3980460975,-0.0154904298
15,11,0.206418627,0.0152944863,0.4322675314,-0.0060736353
16,11,0.2064199233,0.0162420656,0.4684242464,-0.0060736353
17,11,0.2064212196,0.0171830806,0.5042033456,-0.0060736353
18,11,0.2064225159,0.0181256402,0.541492908,0.006128076
19,11,0.2064238122,0.0190589325,0.5785464606,0.006128076
20,11,0.2064276362,0.0200285216,0.6110214213,0.006128076
21,11,0.2064289973,0.0209695366,0.6484525897,0.006128076
22,11,0.2064289973,0.0219862344,0.677363801,0.0070957165
23,11,0.2064328862,0.0229523482,0.7107119983,0.0070957165
24,11,0.2064341825,0.0238717396,0.7499132409,0.0070957165
25,11,0.2064387195,0.0247768439,0.7891616854,0.0149548458
26,11,0.2064432565,0.0257051164,0.8267816617,0.0149548458
27,11,0.2064468861,0.0266665966,0.8620179381,0.0149548458
28,11,0.2064504509,0.0275543248,0.9051605458,0.0014786812
29,11,0.2064555065,0.0285080823,0.9403260193,0.0014786812
30,11,0.2064611453,0.0294158895,0.9789608381,0.0136567914
30,11,0.2064679509,0.0300337081,0.9202415777,0.0136567914
29,11,0.2064691823,0.029323989,0.8581709769,-0.0947189495
28,11,0.2064691823,0.0286050026,0.7992393077,-0.1188863622
27,11,0.2064665898,0.0278327293,0.7461842847,-0.1188863622
26,11,0.2064665898,0.0270145057,0.6967874149,-0.1188863622
25,11,0.2064665898,0.0261881733,0.6503878707,-0.1382391731
24,11,0.2064665898,0.0252977422,0.6090389382,-0.1382391731
23,11,0.2064665898,0.0244115586,0.5660851384,-0.1382391731
22,11,0.206467886,0.0235562659,0.5220220922,-0.136162286
21,11,0.2064665898,0.022689003,0.4792807013,-0.136162286
20,11,0.2064652935,0.0218001165,0.4365865124,-0.136162286
19,11,0.2064639972,0.0208525372,0.4009962211,-0.1519513476
18,11,0.2064601083,0.0198841065,0.3668455902,-0.1519513476
17,11,0.2064601083,0.0189596953,0.3283995793,-0.1519513476
16,11,0.206457775,0.0180785315,0.2851389667,-0.1519513476
15,11,0.2064562194,0.0171351997,0.2493598675,-0.1563175305
14,11,0.2064523306,0.0161887788,0.2132739555,-0.1563175305
13,11,0.2064507102,0.0152585756,0.1763384079,-0.1563175305
12,11,0.2064481176,0.0142862835,0.1431318165,-0.1684720398
11,11,0.2064445528,0.0132217048,0.1189644039,-0.1684720398
10,11,0.2064436454,0.0120181169,0.1078719391,-0.1684720398
9,11,0.2064030715,0.0108195488,0.0958118338,-0.172437006
8,11,0.2063954234,0.0096754259,0.0800699742,-0.1753871296
7,11,0.2063927012,0.0085830453,0.0586166753,-0.1753871296
6,11,0.2063927012,0.0078752568,-0.0019906642,-0.1753871296
5,11,0.2063939975,0.0069473705,-0.040672685,-0.1435021936
4,11,0.206391016,0.0059920684,-0.0761685723,-0.1435021936
3,11,0.2063892661,0.0048556683,-0.0922880477,-0.1435021936
2,11,0.2063898494,0.0041644837,-0.1537686237,-0.1435021936
1,11,0.2063901086,0.003283706,-0.1975248571,-0.1435021936
0,11,0.2063893957,0.0023801463,-0.2364900898,-0.0924060526
-1,11,0.2063859605,0.0014414481,-0.2745584849,-0.1435021936
-2,11,0.2063816179,0.0007236201,-0.3328057255,-0.1435021936
-3,11,0.2063771457,-0.0003170182,-0.3612685181,-0.2007109906
-4,11,0.2063771457,-0.0011862118,-0.4048359436,-0.2007109906
-5,11,0.2063771457,-0.0020897715,-0.4456656543,-0.2007109906
-6,11,0.2063777291,-0.0030489349,-0.4801939011,-0.2007109906
-7,11,0.206378442,-0.0041725926,-0.4972574161,-0.2074136715
-8,11,0.2063781828,-0.0052116863,-0.5248469721,-0.2074136715
-9,11,0.206378442,-0.005860782,-0.590788135,-0.2074136715
0,11,0.2063719606,0.0009668862,-0.0971498514,-0.0732184487
1,11,0.2063719606,0.0004301562,-0.1739474692,-0.0732184487
2,11,0.2063717013,-0.0002915332,-0.2315810841,-0.0732184487
3,11,0.2063706643,-0.0010889053,-0.2823940132,-0.0732184487
4,11,0.2063706643,-0.0019233466,-0.3314368681,-0.0732184487
5,11,0.2063706643,-0.0028180252,-0.3733758254,-0.0732184487
6,11,0.2063521273,-0.0038640694,-0.3983456716,-0.0732184487
7,11,0.2063744235,-0.0045038978,-0.4653960811,-0.1487416131
8,11,0.2063823309,-0.0053055175,-0.5159021973,-0.1487416131
9,11,0.2063874512,-0.006160424,-0.5600124455,-0.1487416131
10,11,0.2063888124,-0.0070041326,-0.6074504332,-0.1704545229
11,11,0.2063939975,-0.0078922469,-0.6492241835,-0.1704545229
12,11,0.2063952938,-0.0087923314,-0.6911395398,-0.1704545229
13,11,0.2063991827,-0.0096924159,-0.731166817,-0.1704545229
14,11,0.2064043678,-0.0106040845,-0.771524508,-0.1994837392
15,11,0.2064056641,-0.0115010799,-0.8120946079,-0.1994837392
16,11,0.206409553,-0.0124590849,-0.8459620269,-0.1994837392
17,11,0.2064121456,-0.0133363874,-0.8901430781,-0.2023394589
18,11,0.2064150622,-0.014194383,-0.9342061244,-0.2023394589
19,11,0.2064160344,-0.0150693687,-0.9778915548,-0.2112842337
20,12,0.2164911892,-0.015697613,-0.9194319053,-0.0754133406
19,12,0.2164920966,-0.0150728439,-0.8537031513,-0.0754133406
18,12,0.2164882077,-0.0146639252,-0.7701084486,-0.0590578553
17,12,0.2164867818,-0.0142662044,-0.686395741,-0.0590578553
16,12,0.2164918374,-0.0133483576,-0.6550300268,-0.0590578553
15,12,0.2164933929,-0.0127185688,-0.5936202537,-0.0590578553
14,12,0.2164935225,-0.0117207917,-0.5681311857,-0.066043748
13,12,0.2164933929,-0.010927667,-0.5234073118,-0.066043748
12,12,0.2164933929,-0.0101009485,-0.4831440247,-0.066043748
11,12,0.2164946892,-0.0092904476,-0.4387033626,-0.0646276887
10,12,0.2164972818,-0.0084486698,-0.3994077161,-0.0646276887
9,12,0.2164998744,-0.0076146146,-0.3575395618,-0.0646276887
8,12,0.2165011706,-0.0067724506,-0.3178426985,-0.0815023958
7,12,0.2165011706,-0.0059553855,-0.2739684602,-0.0815023958
6,12,0.2165011706,-0.0051777063,-0.227545315,-0.0815023958
5,12,0.2165011706,-0.0043386313,-0.1882260675,-0.0815023958
4,12,0.2165011706,-0.0034852693,-0.1497328546,-0.0815023958
3,12,0.2165037632,-0.0025867294,-0.115086603,-0.1407172769
2,12,0.2165037632,-0.0016766053,-0.083060061,-0.0815023958
1,12,0.2165102447,-0.0008027781,-0.044802858,-0.0815023958
0,12,0.216511541,6.4871e-05,-0.006687261,-0.0636128462
0,12,0.2165141335,7.45243722362665e-05,-0.00881135,-0.0636128462
1,12,0.2165141335,0.0009433318,0.0297290649,-0.0636128462
2,12,0.2165180224,0.0017630999,0.0724468548,-0.0636128462
3,12,0.2165180224,0.0025917492,0.1149522358,-0.0636128462
4,12,0.2165193187,0.0034678932,0.1493388766,-0.0636128462
5,12,0.2165232076,0.0043807202,0.184575153,-0.0262760818
6,12,0.2165245039,0.0051943101,0.2262072974,-0.0262760818
7,12,0.2165270964,0.006239582,0.2471649755,-0.0262760818
8,12,0.2165309853,0.0071605179,0.278153074,-0.0290137965
9,12,0.2165361705,0.008096127,0.3102032169,-0.0290137965
10,12,0.2165387631,0.0090359836,0.3393268372,-0.0290137965
11,12,0.2165413556,0.0099156029,0.3766163996,-0.0290137965
12,12,0.2165439482,0.0108658852,0.4049139853,-0.0119266805
13,12,0.2165478371,0.0117536133,0.4399850548,-0.0119266805
14,12,0.2165525037,0.012654084,0.4742772916,-0.0119266805
15,12,0.216556263,0.0136167226,0.501040813,-0.0170716961
16,12,0.2165640407,0.0145948067,0.528842778,-0.0170716961
17,12,0.2165672814,0.0155157426,0.5601848912,-0.0069704728
18,12,0.2165724666,0.0164517378,0.5893557135,-0.0069704728
19,12,0.2165750592,0.0173784658,0.6224679009,-0.0069704728
20,12,0.216577911,0.0183117581,0.6527715706,0.0058684651
21,12,0.2165841332,0.0191832685,0.690202739,0.0058684651
22,12,0.2165946331,0.0201045905,0.7219460691,0.0058684651
23,12,0.2165970961,0.0210988923,0.7463494916,0.008275766
24,12,0.2165996887,0.0220603726,0.7740098506,0.008275766
25,12,0.2166022813,0.0229909619,0.8055643727,0.008275766
26,12,0.2166081794,0.0238566803,0.8422167084,0.008275766
27,12,0.216610059,0.0247359134,0.8794826699,0.0164181071
28,12,0.2166161516,0.0256035624,0.9170082422,0.0164181071
29,12,0.2166214015,0.0265430329,0.9475715229,0.0164181071
30,12,0.2166262626,0.0273790187,0.987575199,0.0045704107
30,12,0.2166336515,0.0279976096,0.9283839189,-0.1195471899
29,12,0.2166333922,0.027345811,0.8669269438,-0.1195471899
28,12,0.2166346885,0.0266901509,0.8081132795,-0.1367995127
27,12,0.2166320959,0.02596962,0.7562383059,-0.1367995127
26,12,0.2166320959,0.025127456,0.7165650436,-0.1367995127
25,12,0.2166333922,0.0243188858,0.6741068646,-0.1337313842
24,12,0.2166320959,0.0235079989,0.6302326262,-0.1337313842
23,12,0.2166295034,0.0227106267,0.5871844225,-0.1337313842
22,12,0.2166307996,0.0218549479,0.5470391404,-0.1337313842
21,12,0.2166295034,0.0209749425,0.5125344946,-0.1502756774
20,12,0.2166256145,0.0200486007,0.4815227952,-0.1502756774
19,12,0.2166243182,0.0191601003,0.4447996565,-0.1502756774
18,12,0.2166217256,0.0182943819,0.4082417247,-0.1502756774
17,12,0.216619133,0.0173985449,0.3731706552,-0.155420693
16,12,0.2166165405,0.0164571438,0.3429141875,-0.155420693
15,12,0.2166126516,0.0155304158,0.31194969,-0.155420693
14,12,0.216610059,0.0146033017,0.2814808134,-0.1696756903
13,12,0.216610059,0.0136835242,0.2476605963,-0.1696756903
12,12,0.2166085035,0.0127579547,0.2160588722,-0.1696756903
11,12,0.2166061701,0.0118756325,0.1811058076,-0.1734754495
10,12,0.2166022813,0.0109658945,0.1469315757,-0.1734754495
9,12,0.2165996887,0.0100696714,0.1120021122,-0.1734754495
8,12,0.216534939,0.0090552904,0.0909736311,-0.176567179
7,12,0.2165235965,0.0081123447,0.0590414931,-0.176567179
6,12,0.2165219113,0.0073130419,0.0153560626,-0.176567179
5,12,0.216520615,0.0064249276,-0.0205646424,-0.1428413659
4,12,0.2165176335,0.0054839126,-0.0509155142,-0.1428413659
3,12,0.2165154298,0.0045208878,-0.0774666267,-0.1428413659
2,12,0.2165159483,0.0036451299,-0.1158182336,-0.1428413659
1,12,0.2165123187,0.0027859759,-0.1545710574,-0.0939165159
0,12,0.2165071336,0.0021164149,-0.2090185387,-0.1428413659
-1,12,0.2165076521,0.0013032112,-0.2545684473,-0.1428413659
-2,12,0.2165050595,0.000579205,-0.306207411,-0.1428413659
-3,12,0.2165050595,-0.000265662,-0.3458334713,-0.2010650055
-4,12,0.2165050595,-0.0010974003,-0.3879848375,-0.2010650055
-5,12,0.2165050595,-0.0019747028,-0.4235279268,-0.2010650055
-6,12,0.2165050595,-0.00286552,-0.4594958338,-0.2010650055
-7,12,0.2165038928,-0.0037590402,-0.4950625241,-0.2010650055
-8,12,0.2165037632,-0.0046656891,-0.527159869,-0.2076024794
-9,12,0.2165037632,-0.005521754,-0.5665027175,-0.2076024794
0,12,0.2164830226,0.0006023732,-0.0611819443,-0.0763573802
1,12,0.2164830226,0.0001061876,-0.1356194633,-0.0763573802
2,12,0.2164843189,-0.0005645318,-0.1921438317,-0.0763573802
3,12,0.2164856152,-0.0012375679,-0.2479601704,-0.0763573802
4,12,0.2164882077,-0.0018928418,-0.3066322288,-0.0763573802
5,12,0.2164869115,-0.0025361455,-0.3686320266,-0.0763573802
6,12,0.2164882726,-0.0033925966,-0.4058979881,-0.0763573802
7,12,0.2164882077,-0.0042312853,-0.4480965562,-0.1504172833
8,12,0.2164882077,-0.0050429446,-0.4891622769,-0.1504172833
9,12,0.2164882077,-0.0058283465,-0.5359630378,-0.1504172833
10,12,0.2164901522,-0.0066361444,-0.580309296,-0.1504172833
11,12,0.2164908003,-0.00747715,-0.6203837751,-0.1736170554
12,12,0.216490217,-0.0083795513,-0.6538971793,-0.1736170554
13,12,0.2164908003,-0.0092182401,-0.6935704417,-0.1736170554
14,12,0.2164908003,-0.0100839585,-0.7309544081,-0.1984216947
15,12,0.2164908003,-0.0109485184,-0.7697308328,-0.1984216947
16,12,0.2164908003,-0.0118254347,-0.8064775725,-0.1984216947
17,12,0.216489504,-0.0127201133,-0.8397785678,-0.1984216947
18,12,0.2164920966,-0.0135657526,-0.8803250668,-0.2030946905
19,12,0.2164920966,-0.0144028968,-0.9221696201,-0.2030946905
20,12,0.2164908003,-0.0152292292,-0.9621260943,-0.2124406821
24,13,0.2268949535,-0.0191160807,-0.9332384838,-0.0876858548
23,13,0.2268935276,-0.0184708464,-0.8767613174,-0.0876858548
22,13,0.226890935,-0.0178310179,-0.8222902351,-0.076758597
21,13,0.2268896387,-0.017110487,-0.7763391097,-0.076758597
20,13,0.2268896387,-0.0163308771,-0.7363826355,-0.076758597
19,13,0.2268857498,-0.0155887224,-0.692862412,-0.076758597
18,13,0.2268857498,-0.0148508153,-0.6476665183,-0.0602379048
17,13,0.226881861,-0.0141480466,-0.599473299,-0.0602379048
16,13,0.2268805647,-0.0133970109,-0.5559766764,-0.0602379048
15,13,0.2268779721,-0.0126378662,-0.5137545073,-0.0602379048
14,13,0.2268753795,-0.0118080586,-0.47825862,-0.0629048165
13,13,0.2268727869,-0.0110187953,-0.4392225844,-0.0629048165
12,13,0.226868574,-0.0102658288,-0.3962451836,-0.0629048165
11,13,0.2268650092,-0.0093854373,-0.3649502723,-0.0633768363
10,13,0.2268650092,-0.0086703122,-0.3170638659,-0.0633768363
9,13,0.2268611203,-0.0078532471,-0.2805059341,-0.0633768363
8,13,0.2268624166,-0.007050469,-0.2427915538,-0.0826116422
7,13,0.2268624166,-0.0062627502,-0.2026462717,-0.0826116422
6,13,0.2268624166,-0.0055028333,-0.1611321323,-0.0826116422
5,13,0.2268611203,-0.0048359753,-0.1097291785,-0.0826116422
4,13,0.2268628703,-0.0039270097,-0.0822104254,-0.0826116422
3,13,0.2268624166,-0.0032856367,-0.0267245005,-0.0826116422
2,13,0.2268624166,-0.0023434633,-0.0030055067,-0.1412837006
1,13,0.2268650092,-0.0013642208,0.0177397625,-0.0826116422
0,13,0.2268650092,-0.0006402146,0.0640685037,-0.0826116422
0,13,0.2268650092,-0.000627472,0.0635964839,-0.0826116422
1,13,0.2268663055,0.0001818704,0.0999892088,-0.0647692946
2,13,0.2268663055,0.0009379259,0.1431082155,-0.0647692946
3,13,0.2268663055,0.001675833,0.1863216262,-0.0647692946
4,13,0.2268663055,0.0025029377,0.2230211639,-0.0647692946
5,13,0.2268688981,0.0033848738,0.2543632771,-0.0647692946
6,13,0.2268701944,0.0043127602,0.2777046552,-0.02575686
7,13,0.2268714906,0.0052452802,0.3047513884,-0.02575686
8,13,0.2268701944,0.0062094634,0.3256146626,-0.02575686
9,13,0.2268727869,0.0071674684,0.3485548238,-0.0284945747
10,13,0.2268766758,0.0081173645,0.371542187,-0.0284945747
11,13,0.2268766758,0.0089892611,0.4037575368,-0.0284945747
12,13,0.2268805647,0.009879306,0.4327631522,-0.0284945747
13,13,0.2268805647,0.0107654896,0.4616743636,-0.0147115972
14,13,0.2268831573,0.0116308218,0.4938189104,-0.0147115972
15,13,0.2268857498,0.0125498271,0.5192371755,-0.019360992
16,13,0.2268883424,0.0134309909,0.550012865,-0.019360992
17,13,0.2268870461,0.0143345506,0.5780036378,-0.019360992
18,13,0.2268883424,0.0152396549,0.60526278,-0.0080797193
19,13,0.2268870461,0.0161428285,0.6332771538,-0.0080797193
20,13,0.2268883424,0.0169915569,0.6660353264,-0.0080797193
21,13,0.226890935,0.0178549584,0.6974954446,-0.0080797193
22,13,0.2268948239,0.0187199045,0.7293567796,0.006104475
23,13,0.2268978053,0.019498356,0.7692896528,0.006104475
24,13,0.2269013053,0.0203802921,0.7989088938,0.006104475
25,13,0.2269064905,0.0212471688,0.8317850714,0.0085825788
26,13,0.2269116756,0.0221430058,0.8616875243,0.0085825788
27,13,0.2269170552,0.0230083381,0.8928880316,0.0085825788
28,13,0.2269194534,0.0237790668,0.9349449938,0.0085825788
29,13,0.2269246385,0.0245980626,0.9716917335,0.0166069151
29,13,0.2269285274,0.0251201194,0.9215868341,0.0166069151
28,13,0.2269285274,0.0245196769,0.8598938491,-0.1354542564
27,13,0.2269272311,0.0238860266,0.8061307964,-0.1327637436
26,13,0.2269272311,0.0232353864,0.7521789358,-0.1327637436
25,13,0.2269246385,0.0225542414,0.7025932582,-0.1327637436
24,13,0.2269259348,0.0218163342,0.6578457832,-0.1327637436
23,13,0.2269243793,0.0210062196,0.6216654673,-0.1327637436
22,13,0.2269232126,0.0201470655,0.5886712848,-0.1495440467
21,13,0.226922046,0.0197420082,0.5114252482,-0.1495440467
20,13,0.2269194534,0.0188156664,0.4864318009,-0.1495440467
19,13,0.2269181571,0.0180553633,0.44369041,-0.1495440467
18,13,0.2269168608,0.0172116548,0.4100826019,-0.1539338307
17,13,0.2269142682,0.0163783719,0.373619074,-0.1539338307
16,13,0.2269118053,0.0155636236,0.337438758,-0.1539338307
15,13,0.2269038979,0.0147110339,0.3042557677,-0.1662299459
14,13,0.2269038979,0.0138576719,0.2723472307,-0.1662299459
13,13,0.2269005275,0.0129124094,0.2487934438,-0.1662299459
12,13,0.226900009,0.0120532553,0.2161768771,-0.1730506317
11,13,0.2268961202,0.0111666856,0.186793646,-0.1730506317
10,13,0.2268931387,0.0102870663,0.1555695377,-0.1730506317
9,13,0.226890935,0.0093985659,0.1267999322,-0.1752927256
8,13,0.2268870461,0.0085328476,0.095292612,-0.1752927256
7,13,0.2268870461,0.0075736841,0.072069239,-0.1752927256
6,13,0.2268844535,0.0067106687,0.0396650812,-0.1432897847
5,13,0.226881861,0.0058731384,0.0047120167,-0.1432897847
4,13,0.2268805647,0.0049529747,-0.021603086,-0.1432897847
3,13,0.2268779073,0.0041231671,-0.0571225742,-0.1432897847
2,13,0.2268766758,0.0032431617,-0.0881106726,-0.1432897847
1,13,0.2268766758,0.0024094927,-0.123488555,-0.0911079982
0,13,0.2268766758,0.0016140512,-0.1611557333,-0.1432897847
-1,13,0.2268766758,0.0008398472,-0.202150651,-0.1432897847
-2,13,0.2268766758,3.6683e-05,-0.2413518935,-0.1432897847
-3,13,0.2268766758,-0.0007981444,-0.2755497264,-0.2006637887
-4,13,0.2268740832,-0.001627566,-0.3102195791,-0.2006637887
-5,13,0.2268753795,-0.0024944427,-0.3438981903,-0.2006637887
-6,13,0.2268730462,-0.0033377651,-0.3775295994,-0.2006637887
-7,13,0.2268727869,-0.0042270378,-0.4067476237,-0.2104109971
-8,13,0.2268727869,-0.0050661128,-0.4433055555,-0.2104109971
-9,13,0.2268727869,-0.005832594,-0.4827192069,-0.2104109971
0,13,0.2268883424,0.0002780184,-0.027786545,-0.0736904684
1,13,0.2268883424,-0.0003316914,-0.0848301352,-0.0736904684
2,13,0.2268896387,-0.0009885098,-0.1386639909,-0.0736904684
3,13,0.2268870461,-0.0016526648,-0.189335314,-0.0736904684
4,13,0.2268870461,-0.0022229887,-0.2504618752,-0.0736904684
5,13,0.2268870461,-0.0029883115,-0.2939348968,-0.0736904684
6,13,0.2268844535,-0.0038617526,-0.3237429457,-0.0736904684
7,13,0.2268849072,-0.0046440654,-0.3659415139,-0.1486708101
8,13,0.226881861,-0.0054117051,-0.4068420276,-0.1486708101
9,13,0.226881861,-0.0062148693,-0.4445328069,-0.1486708101
10,13,0.2268831573,-0.0069103014,-0.4936228638,-0.1486708101
11,13,0.2268831573,-0.0078038216,-0.5226992821,-0.1724842079
12,13,0.226881861,-0.0086567974,-0.5563070903,-0.1724842079
13,13,0.226881861,-0.0094769516,-0.5910477459,-0.1724842079
14,13,0.2268831573,-0.0102994227,-0.6282665054,-0.1986813056
15,13,0.2268844535,-0.0111516263,-0.6612134859,-0.1986813056
16,13,0.2268857498,-0.0119934042,-0.6966857722,-0.1986813056
17,13,0.2268883424,-0.01282939,-0.7299395655,-0.2033543014
18,13,0.2268870461,-0.0136476135,-0.7670875221,-0.2033543014
19,13,0.2268886665,-0.0144179561,-0.8068787893,-0.2033543014
20,13,0.2268883424,-0.0152404272,-0.843601928,-0.2118742584
21,13,0.226890935,-0.0159949382,-0.8863433189,-0.2118742584
22,13,0.2268896387,-0.0168683793,-0.9186058707,-0.2118742584
23,13,0.2268922313,-0.0178541861,-0.9377698737,-0.2118742584
24,13,0.2268923609,-0.0186025189,-0.9813372992,-0.2316046851
