position index,depth index,current depth,current joint position,current torque offset
0,0,0.15989737150000002,0.0,0.14097242488659692
1,0,0.090026044210000031,-0.0027925268031909274,0.092047574915427338
2,0,0.090020859050000013,-0.0055850536063818549,0.10481570990549145
3,0,0.090020859050000013,-0.0083775804095727845,0.098608649827142111
4,0,0.090018266470000011,-0.01117010721276371,0.095398915337957954
5,0,0.090016970180000003,-0.013962634015954637,0.092779205571050141
6,0,0.090018266470000011,-0.016755160819145569,0.087067766259413176
7,0,0.090018266470000011,-0.019547687622336492,0.086359736592681396
8,0,0.090015673889999995,-0.022340214425527419,0.082748785292348942
9,0,0.090016970180000003,-0.025132741228718343,0.079208636958689821
10,0,0.090015673889999995,-0.027925268031909273,0.075267271813882736
11,0,0.090014377599999987,-0.030717794835100187,0.076470922247326767
12,0,0.090014377599999987,-0.033510321638291138,0.077462163780751256
13,0,0.090014377599999987,-0.036302848441482051,0.075503281702793065
14,0,0.090016970180000003,-0.039095375244672985,0.071609118535768262
15,0,0.090014377599999987,-0.041887902047863933,0.073426394680379981
16,0,0.090014377599999987,-0.044680428851054839,0.072765566991430455
17,0,0.090015673889999995,-0.04747295565424578,0.067903763279871604
18,0,0.090014377599999987,-0.050265482457436686,0.072081138313589588
19,0,0.090015673889999995,-0.053058009260627634,0.066841718779774073
20,0,0.090015673889999995,-0.055850536063818547,0.061507895290394098
21,0,0.090013081309999979,-0.058643062867009467,0.067974566246544812
22,0,0.090015673889999995,-0.061435589670200373,0.067030526690902356
23,0,0.090015673889999995,-0.064228116473391328,0.066888920757555773
24,0,0.090015673889999995,-0.067020643276582276,0.062522737812709742
25,0,0.090013081309999979,-0.069813170079773196,0.062428333857145538
26,0,0.090014377599999987,-0.072605696882964102,0.066298896035279539
27,0,0.090011785019999985,-0.075398223686155036,0.063183565501659586
28,0,0.090015673889999995,-0.078190750489345998,0.06285315165718483
29,0,0.090013081309999979,-0.080983277292536945,0.060493052768078481
30,0,0.090013081309999979,-0.083775804095727879,0.058911786512377419
31,0,0.090013081309999979,-0.086568330898918758,0.060611057712534132
32,0,0.090013081309999979,-0.089360857702109719,0.065590866368547537
33,0,0.090014377599999987,-0.092153384505300653,0.063348772423897054
34,0,0.090014377599999987,-0.094945911308491601,0.061177481445919349
35,0,0.090014377599999987,-0.097738438111682563,0.066062886146368988
36,0,0.090014377599999987,-0.10053096491487352,0.064458018901776909
36,0,0.090014377599999987,-0.10332349171806436,0.064245610001757159
35,0,0.090014377599999987,-0.10332349171806436,0.064009600112846593
34,0,0.090013081309999979,-0.10053096491487352,0.1016295764051981
33,0,0.090011785019999985,-0.097738438111682563,0.11675781028436834
32,0,0.090013081309999979,-0.094945911308491601,0.12138360410701618
31,0,0.090011785019999985,-0.092153384505300653,0.12954954626332321
30,0,0.090013081309999979,-0.089360857702109719,0.13356171437480366
29,0,0.090013081309999979,-0.086568330898918758,0.13832911413079796
28,0,0.090013081309999979,-0.083775804095727879,0.13238166493025055
27,0,0.090013081309999979,-0.080983277292536945,0.135190182608287
26,0,0.090013081309999979,-0.078190750489345998,0.14503179497585958
25,0,0.090013081309999979,-0.075398223686155036,0.14307291289790125
24,0,0.090011785019999985,-0.072605696882964102,0.14684907112047124
23,0,0.090012951680999972,-0.069813170079773196,0.1477931106761135
22,0,0.090011785019999985,-0.067020643276582276,0.14736829287607467
21,0,0.090012627608499984,-0.064228116473391328,0.14911476605401286
20,0,0.090011785019999985,-0.061435589670200373,0.15168727384313885
19,0,0.090011785019999985,-0.058643062867009467,0.15192328373204908
18,0,0.090011785019999985,-0.055850536063818547,0.1478639136427867
17,0,0.090013081309999979,-0.053058009260627634,0.14533860783144306
16,0,0.090010488729999977,-0.050265482457436686,0.1522536975765244
15,0,0.090010488729999977,-0.04747295565424578,0.15057802736525877
14,0,0.090010488729999977,-0.044680428851054839,0.15487340734343186
13,0,0.090010488729999977,-0.041887902047863933,0.15138046098755481
12,0,0.090013081309999979,-0.039095375244672985,0.14873715023175604
11,0,0.090013081309999979,-0.036302848441482051,0.15267851537656357
10,0,0.090013081309999979,-0.033510321638291138,0.15661988052137049
9,0,0.090010488729999977,-0.030717794835100187,0.15617146173244045
8,0,0.090010488729999977,-0.027925268031909273,0.1548970083323232
7,0,0.090011785019999985,-0.025132741228718343,0.15381136284333394
6,0,0.090013081309999979,-0.022340214425527419,0.154047372732245
5,0,0.090013081309999979,-0.019547687622336496,0.15371695888777015
4,0,0.090013081309999979,-0.016755160819145572,0.15218289460985113
3,0,0.090013081309999979,-0.013962634015954651,0.15624226469911354
2,0,0.090013081309999979,-0.011170107212763711,0.15725710722142913
1,0,0.090010488729999977,-0.0083775804095727879,0.15921598929938727
0,0,0.090011785019999985,-0.0055850536063818635,0.16023083182170256
-1,0,0.090010488729999977,-0.0027925268031909335,0.16372377817758019
-1,0,0.090010488729999977,-6.0715321659188248e-18,0.16787755222240669
-1,0,0.090010488729999977,0.0,0.16469141872211365
-2,0,0.090013081309999979,0.0,0.16565905926664701
-3,0,0.090010488729999977,-0.0027925268031909274,0.13337290646367536
-4,0,0.090010488729999977,-0.0055850536063818549,0.12025075664024534
-5,0,0.090010488729999977,-0.0083775804095727845,0.11446851436193542
-6,0,0.090013081309999979,-0.01117010721276371,0.1051461237499661
-7,0,0.090010488729999977,-0.013962634015954637,0.1021015961830192
-8,0,0.090010488729999977,-0.016755160819145569,0.093298427326653624
-9,0,0.090010488729999977,-0.019547687622336492,0.09374684611558351
-10,0,0.090010488729999977,-0.022340214425527419,0.089498668115192276
0,1,0.090010488729999977,-0.025132741228718343,0.086666549448265101
1,1,0.099930996100000058,-0.0027925268031909274,0.1511916530764264
2,1,0.099932292390000052,-0.0055850536063818549,0.12829869385209719
3,1,0.099936181259999979,-0.0083775804095727845,0.11798506170670353
4,1,0.099936181259999979,-0.01117010721276371,0.10859186812806106
5,1,0.099936181259999979,-0.013962634015954637,0.10403687727208639
6,1,0.099937477549999987,-0.016755160819145569,0.095446117315740001
7,1,0.099937477549999987,-0.019547687622336492,0.091764363048734393
8,1,0.099938773839999981,-0.022340214425527419,0.087398180103888362
9,1,0.099937477549999987,-0.025132741228718343,0.083338810014625495
10,1,0.099937477549999987,-0.027925268031909273,0.077344158836295931
11,1,0.099940070129999989,-0.030717794835100187,0.078595011247522023
12,1,0.099940070129999989,-0.033510321638291138,0.077768976636334974
13,1,0.099940070129999989,-0.036302848441482051,0.076872139058474898
14,1,0.099940070129999989,-0.039095375244672985,0.073473596658162138
15,1,0.099938773839999981,-0.041887902047863933,0.072977975891449789
16,1,0.099940070129999989,-0.044680428851054839,0.072128340291371745
17,1,0.099941366419999983,-0.04747295565424578,0.069485029535572576
18,1,0.099938773839999981,-0.050265482457436686,0.070853886891254186
19,1,0.099938773839999981,-0.053058009260627634,0.070216660191195601
20,1,0.099938773839999981,-0.055850536063818547,0.065095245601835411
21,1,0.099940070129999989,-0.058643062867009467,0.065897679224131506
22,1,0.099941366419999983,-0.061435589670200373,0.064104004068410797
23,1,0.099941366419999983,-0.064228116473391328,0.06797456624654491
24,1,0.099938773839999981,-0.067020643276582276,0.061909112101542263
25,1,0.099940070129999989,-0.069813170079773196,0.067667753390961066
26,1,0.099940070129999989,-0.072605696882964102,0.065897679224131395
27,1,0.099940070129999989,-0.075398223686155036,0.065803275268566955
28,1,0.099940070129999989,-0.078190750489345998,0.062876752646076076
29,1,0.099942662709999977,-0.080983277292536945,0.062829550668293696
30,1,0.099942662709999977,-0.083775804095727879,0.061767506168196006
31,1,0.099942662709999977,-0.086568330898918758,0.062145121990452711
32,1,0.099940070129999989,-0.089360857702109719,0.065661669335220829
33,1,0.099942662709999977,-0.092153384505300653,0.063702787257262861
34,1,0.099942662709999977,-0.094945911308491601,0.060634658701425072
35,1,0.099940070129999989,-0.097738438111682563,0.064741230768469521
36,1,0.099940070129999989,-0.10053096491487352,0.062168722979343949
36,1,0.099942662709999977,-0.10332349171806436,0.059950230023584183
35,1,0.099942662709999977,-0.10332349171806436,0.061909112101542041
34,1,0.099942662709999977,-0.10053096491487352,0.10009551212727899
33,1,0.099942662709999977,-0.097738438111682563,0.11649819940656667
32,1,0.099941366419999983,-0.094945911308491601,0.11994394378466126
31,1,0.099941366419999983,-0.092153384505300653,0.12270525948491569
30,1,0.099942662709999977,-0.089360857702109719,0.13228726097468632
29,1,0.099942662709999977,-0.086568330898918758,0.13580380831945457
28,1,0.099942662709999977,-0.083775804095727879,0.13386852723038736
27,1,0.099941366419999983,-0.080983277292536945,0.13434054700820897
26,1,0.099942662709999977,-0.078190750489345998,0.14120843477550712
25,1,0.099941366419999983,-0.075398223686155036,0.14297850894233716
24,1,0.099941366419999983,-0.072605696882964102,0.14663666222045141
23,1,0.099943958999999985,-0.069813170079773196,0.14715588397605478
22,1,0.099941366419999983,-0.067020643276582276,0.14701427804270878
21,1,0.099941366419999983,-0.064228116473391328,0.1487843522095379
20,1,0.099941366419999983,-0.061435589670200373,0.14996440165409122
19,1,0.099942662709999977,-0.058643062867009467,0.15022401253189305
18,1,0.099943958999999985,-0.055850536063818547,0.1477931106761135
17,1,0.099943958999999985,-0.053058009260627634,0.14569262266480917
16,1,0.099943958999999985,-0.050265482457436686,0.15175807680981185
15,1,0.099943958999999985,-0.04747295565424578,0.1497283917651806
14,1,0.099943958999999985,-0.044680428851054839,0.15593545184353014
13,1,0.099943958999999985,-0.041887902047863933,0.15440138756561078
12,1,0.099943958999999985,-0.039095375244672985,0.15350454998775062
11,1,0.099943958999999985,-0.036302848441482051,0.14991719967630929
10,1,0.099943958999999985,-0.033510321638291138,0.15680868843249898
9,1,0.099943958999999985,-0.030717794835100187,0.15258411142099895
8,1,0.099942662709999977,-0.027925268031909273,0.15109724912086209
7,1,0.099943958999999985,-0.025132741228718343,0.15142766296533719
6,1,0.099942662709999977,-0.022340214425527419,0.15520382118790685
5,1,0.099942662709999977,-0.019547687622336496,0.15685589041028114
4,1,0.099943958999999985,-0.016755160819145572,0.15510941723234256
3,1,0.099942662709999977,-0.013962634015954651,0.15860236358821964
2,1,0.099943958999999985,-0.011170107212763711,0.15772912699925037
1,1,0.099943958999999985,-0.0083775804095727879,0.15890917644380326
0,1,0.099941366419999983,-0.0055850536063818635,0.1585315606215465
-1,1,0.099942662709999977,-0.0027925268031909335,0.16216611291076982
-1,1,0.099942662709999977,-6.0715321659188248e-18,0.16931721254476131
-1,1,0.099943958999999985,0.0,0.16582426618888449
-2,1,0.099942662709999977,0.0,0.16686270970009126
-3,1,0.099945255289999993,-0.0027925268031909274,0.13497777370826708
-4,1,0.099943958999999985,-0.0055850536063818549,0.1221388357515301
-5,1,0.099942662709999977,-0.0083775804095727845,0.1151765440286672
-6,1,0.099942662709999977,-0.01117010721276371,0.10521692671663938
-7,1,0.099942662709999977,-0.013962634015954637,0.10155877343852482
-8,1,0.099943958999999985,-0.016755160819145569,0.097664610271499558
-9,1,0.099942662709999977,-0.019547687622336492,0.093322028315544439
-10,1,0.099942662709999977,-0.022340214425527419,0.090867525470874205
0,2,0.099943958999999985,-0.025132741228718343,0.086005721759315465
1,2,0.10993057716000006,-0.0027925268031909274,0.14890235715399322
2,2,0.10993446602999997,-0.0055850536063818549,0.12671742759639593
3,2,0.10993705860999996,-0.0083775804095727845,0.11744223896220878
4,2,0.10993835489999999,-0.01117010721276371,0.10899308493920942
5,2,0.10993705860999996,-0.013962634015954637,0.10542933561665897
6,2,0.10993705860999996,-0.016755160819145569,0.096980181593658676
7,2,0.10993705860999996,-0.019547687622336492,0.093912053037821117
8,2,0.10993965118999997,-0.022340214425527419,0.08810620977061992
9,2,0.10993835489999999,-0.025132741228718343,0.083551218914645481
10,2,0.10993835489999999,-0.027925268031909273,0.076541725214000142
11,2,0.10993835489999999,-0.030717794835100187,0.078382602347502592
12,2,0.10993835489999999,-0.033510321638291138,0.077060946969603555
13,2,0.10994094748000001,-0.036302848441482051,0.076069705436178706
14,2,0.10994094748000001,-0.039095375244672985,0.073379192702597934
15,2,0.10994094748000001,-0.041887902047863933,0.07396921742487414
16,2,0.10993965118999997,-0.044680428851054839,0.074582843136041965
17,2,0.10993965118999997,-0.04747295565424578,0.071467512602421984
18,2,0.10993965118999997,-0.050265482457436686,0.073898414458201195
19,2,0.10994094748000001,-0.053058009260627634,0.071514714580204169
20,2,0.10993965118999997,-0.055850536063818547,0.064434417912885775
21,2,0.10993965118999997,-0.058643062867009467,0.067431743502050515
22,2,0.10993965118999997,-0.061435589670200373,0.067313738557595176
23,2,0.10994094748000001,-0.064228116473391328,0.065449260435201301
24,2,0.10993965118999997,-0.067020643276582276,0.063443176379461258
25,2,0.10994224376999999,-0.069813170079773196,0.067077728668684611
26,2,0.10993965118999997,-0.072605696882964102,0.065520063401874246
27,2,0.10993965118999997,-0.075398223686155036,0.066180891090824451
28,2,0.10994094748000001,-0.078190750489345998,0.063277969457223901
29,2,0.10994094748000001,-0.080983277292536945,0.064363614946212719
30,2,0.10994094748000001,-0.083775804095727879,0.061201082434810483
31,2,0.10994224376999999,-0.086568330898918758,0.065992083179695821
32,2,0.10994094748000001,-0.089360857702109719,0.06582687625745845
33,2,0.10994094748000001,-0.092153384505300653,0.063773590223936139
34,2,0.10994094748000001,-0.094945911308491601,0.06042224980140519
35,2,0.10994094748000001,-0.097738438111682563,0.063608383301698768
36,2,0.10994224376999999,-0.10053096491487352,0.061366289357047764
36,2,0.10994224376999999,-0.10332349171806436,0.061248284412592537
35,2,0.10994094748000001,-0.10332349171806436,0.060941471557008575
34,2,0.10994094748000001,-0.10053096491487352,0.10257361596084055
33,2,0.10994094748000001,-0.097738438111682563,0.11687581522882358
32,2,0.10994094748000001,-0.094945911308491601,0.12272886047380682
31,2,0.10994094748000001,-0.092153384505300653,0.12796828000762223
30,2,0.10994094748000001,-0.089360857702109719,0.13268847778583448
29,2,0.10994354005999998,-0.086568330898918758,0.13467096085268371
28,2,0.10994354005999998,-0.083775804095727879,0.13280648273028969
27,2,0.10994256784249998,-0.080983277292536945,0.13573300535278138
26,2,0.10994354005999998,-0.078190750489345998,0.14503179497585944
25,2,0.10994354005999998,-0.075398223686155036,0.14380454355352429
24,2,0.10994354005999998,-0.072605696882964102,0.1468490711204713
23,2,0.10994094748000001,-0.069813170079773196,0.14781671166500451
22,2,0.10994354005999998,-0.067020643276582276,0.14628264738708605
21,2,0.10994354005999998,-0.064228116473391328,0.15102644615418925
20,2,0.10994224376999999,-0.061435589670200373,0.15211209164317779
19,2,0.10994483634999999,-0.058643062867009467,0.15145126395422831
18,2,0.10994224376999999,-0.055850536063818547,0.14722668694272842
17,2,0.10994224376999999,-0.053058009260627634,0.14762790375387613
16,2,0.10994354005999998,-0.050265482457436686,0.15107364813197105
15,2,0.10994483634999999,-0.04747295565424578,0.15381136284333433
14,2,0.10994224376999999,-0.044680428851054839,0.15553423503238137
13,2,0.10994224376999999,-0.041887902047863933,0.15548703305459929
12,2,0.10994224376999999,-0.039095375244672985,0.14935077594292365
11,2,0.10994224376999999,-0.036302848441482051,0.15062522934304096
10,2,0.10994483634999999,-0.033510321638291138,0.1559590528324207
9,2,0.10994224376999999,-0.030717794835100187,0.15449579152117496
8,2,0.10994483634999999,-0.027925268031909273,0.15265491438767248
7,2,0.10994483634999999,-0.025132741228718343,0.15366975690998788
6,2,0.10994354005999998,-0.022340214425527419,0.15409457471002694
5,2,0.10994354005999998,-0.019547687622336496,0.15515661921012472
4,2,0.10994354005999998,-0.016755160819145572,0.15435418558782885
3,2,0.10994483634999999,-0.013962634015954651,0.15621866371022242
2,2,0.10994483634999999,-0.011170107212763711,0.15725710722142908
1,2,0.10994354005999998,-0.0083775804095727879,0.15895637842158566
0,2,0.10994483634999999,-0.0055850536063818635,0.15905078237714973
-1,2,0.10994483634999999,-0.0027925268031909335,0.1652578424554991
-1,2,0.10994354005999998,-6.0715321659188248e-18,0.16893959672250417
-1,2,0.10994354005999998,0.0,0.16827876903355465
-2,2,0.10994613264,0.0,0.16827876903355471
-3,2,0.10994354005999998,-0.0027925268031909274,0.13540259150830664
-4,2,0.10994613264,-0.0055850536063818549,0.12301207234049952
-5,2,0.10994354005999998,-0.0083775804095727845,0.11708822412884304
-6,2,0.10994613264,-0.01117010721276371,0.10724661176127052
-7,2,0.10994354005999998,-0.013962634015954637,0.10193638926078211
-8,2,0.10994613264,-0.016755160819145569,0.096555363793619939
-9,2,0.10994613264,-0.019547687622336492,0.092802806559941151
-10,2,0.10994354005999998,-0.022340214425527419,0.088743436470678547
0,3,0.10994613264,-0.025132741228718343,0.085297692092583727
1,3,0.11993404709000006,-0.0027925268031909274,0.15555783602127266
2,3,0.11993793595999995,-0.0055850536063818549,0.1296439502188875
3,3,0.11993534338000003,-0.0083775804095727845,0.11899990422901904
4,3,0.11993923225,-0.01117010721276371,0.11062155317269222
5,3,0.11993793595999995,-0.013962634015954637,0.10276242387196907
6,3,0.11993923225,-0.016755160819145569,0.096130545993580743
7,3,0.11993923225,-0.019547687622336492,0.093510836226673041
8,3,0.11993923225,-0.022340214425527419,0.08871983548178751
9,3,0.11993923225,-0.025132741228718343,0.0834096129812988
10,3,0.11993923225,-0.027925268031909273,0.079067031025343446
11,3,0.11994052853999997,-0.030717794835100187,0.079987469592094657
12,3,0.11994052853999997,-0.033510321638291138,0.080034671569877036
13,3,0.11994182483000002,-0.036302848441482051,0.076164109391742812
14,3,0.11994312111999998,-0.039095375244672985,0.07394561643598313
15,3,0.11994052853999997,-0.041887902047863933,0.075338074780555805
16,3,0.11994312111999998,-0.044680428851054839,0.075054862913863082
17,3,0.11994312111999998,-0.04747295565424578,0.069461428546681872
18,3,0.11994312111999998,-0.050265482457436686,0.072977975891449984
19,3,0.11994312111999998,-0.053058009260627634,0.069673837446701414
20,3,0.11994312111999998,-0.055850536063818547,0.063655585279480689
21,3,0.11994312111999998,-0.058643062867009467,0.068234177124346623
22,3,0.11994312111999998,-0.061435589670200373,0.066723713835318749
23,3,0.11994052853999997,-0.064228116473391328,0.067101329657575648
24,3,0.11994182483000002,-0.067020643276582276,0.063631984290589583
25,3,0.11994182483000002,-0.069813170079773196,0.06537845746852812
26,3,0.11994312111999998,-0.072605696882964102,0.065921280213022654
27,3,0.11994182483000002,-0.075398223686155036,0.065213250546290638
28,3,0.11994182483000002,-0.078190750489345998,0.065708871313003098
29,3,0.11994182483000002,-0.080983277292536945,0.06507164461294461
30,3,0.11994312111999998,-0.083775804095727879,0.062003516057106578
31,3,0.11994441741000002,-0.086568330898918758,0.065826876257458103
32,3,0.11994441741000002,-0.089360857702109719,0.065826876257458436
33,3,0.11994441741000002,-0.092153384505300653,0.063136363523877442
34,3,0.11994182483000002,-0.094945911308491601,0.062971156601640044
35,3,0.11994182483000002,-0.097738438111682563,0.063844393190609097
36,3,0.11994182483000002,-0.10053096491487352,0.062097920012670907
36,3,0.11994182483000002,-0.10332349171806436,0.062121521001561916
35,3,0.11994441741000002,-0.10332349171806436,0.060280643868059182
34,3,0.11994441741000002,-0.10053096491487352,0.099151472571636534
33,3,0.11994441741000002,-0.097738438111682563,0.1128636471173429
32,3,0.11994441741000002,-0.094945911308491601,0.12228044168487646
31,3,0.11994441741000002,-0.092153384505300653,0.12650501869637626
30,3,0.11994441741000002,-0.089360857702109719,0.13205125108577589
29,3,0.11994441741000002,-0.086568330898918758,0.1342461430526444
28,3,0.11994312111999998,-0.083775804095727879,0.13450575393044623
27,3,0.11994571369999998,-0.080983277292536945,0.1364882369972952
26,3,0.11994571369999998,-0.078190750489345998,0.14278970103120861
25,3,0.11994571369999998,-0.075398223686155036,0.14302571092011918
24,3,0.11994571369999998,-0.072605696882964102,0.14347412970904949
23,3,0.11994571369999998,-0.069813170079773196,0.1455038147536809
22,3,0.11994571369999998,-0.067020643276582276,0.14729748990940111
21,3,0.11994441741000002,-0.064228116473391328,0.14909116506512196
20,3,0.11994571369999998,-0.061435589670200373,0.14975199275407175
19,3,0.11994571369999998,-0.058643062867009467,0.14819432748726169
18,3,0.11994571369999998,-0.055850536063818547,0.14616464244263017
17,3,0.11994571369999998,-0.053058009260627634,0.14524420387587916
16,3,0.11994441741000002,-0.050265482457436686,0.15499141228788754
15,3,0.11994441741000002,-0.04747295565424578,0.15364615592109684
14,3,0.11994441741000002,-0.044680428851054839,0.15659627953247976
13,3,0.11994441741000002,-0.041887902047863933,0.15584104788796571
12,3,0.11994441741000002,-0.039095375244672985,0.15095564318751584
11,3,0.11994441741000002,-0.036302848441482051,0.15180527878759378
10,3,0.11994700999000001,-0.033510321638291138,0.1553454271212531
9,3,0.11994700999000001,-0.030717794835100187,0.1529617272432561
8,3,0.11994700999000001,-0.027925268031909273,0.1531977371321665
7,3,0.11994441741000002,-0.025132741228718343,0.15034201747634818
6,3,0.11994700999000001,-0.022340214425527419,0.1524425054876524
5,3,0.11994700999000001,-0.019547687622336496,0.15289092427658277
4,3,0.11994700999000001,-0.016755160819145572,0.15536902811014439
3,3,0.11994700999000001,-0.013962634015954651,0.15614786074354944
2,3,0.11994700999000001,-0.011170107212763711,0.15584104788796541
1,3,0.11994441741000002,-0.0083775804095727879,0.15935759523273352
0,3,0.11994441741000002,-0.0055850536063818635,0.16044324072172195
-1,3,0.11994700999000001,-0.0027925268031909335,0.16162329016627522
-1,3,0.11994700999000001,-6.0715321659188248e-18,0.16957682342256292
-1,3,0.11994700999000001,0.0,0.17080407484489812
-2,3,0.11994700999000001,0.0,0.16957682342256306
-3,3,0.11994700999000001,-0.0027925268031909274,0.13561500040832614
-4,3,0.11994700999000001,-0.0055850536063818549,0.12230404267376774
-5,3,0.11994700999000001,-0.0083775804095727845,0.11524734699534016
-6,3,0.11994441741000002,-0.01117010721276371,0.10837945922804131
-7,3,0.11994700999000001,-0.013962634015954637,0.10375366540539369
-8,3,0.11994700999000001,-0.016755160819145569,0.09561132423797758
-9,3,0.11994700999000001,-0.019547687622336492,0.093581639193346236
-10,3,0.11994571369999998,-0.022340214425527419,0.091386747226477591
0,4,0.11994571369999998,-0.025132741228718343,0.08480207132587135
1,4,0.12992455412000001,-0.0027925268031909274,0.15395296877668038
2,4,0.12992844299,-0.0055850536063818549,0.1299035610966893
3,4,0.12992844299,-0.0083775804095727845,0.12065197345139315
4,4,0.12992973928000004,-0.01117010721276371,0.10953590768370328
5,4,0.12992973928000004,-0.013962634015954637,0.10448529606101649
6,4,0.12992973928000004,-0.016755160819145569,0.096932979615876852
7,4,0.12992973928000004,-0.019547687622336492,0.091905968982080741
8,4,0.12993233186000003,-0.022340214425527419,0.089569471081865762
9,4,0.12993103557000002,-0.025132741228718343,0.085250490114801653
10,4,0.12993362815000001,-0.027925268031909273,0.078831021136432783
11,4,0.12993362815000001,-0.030717794835100187,0.080081873547658972
12,4,0.12993362815000001,-0.033510321638291138,0.07909063201423458
13,4,0.12993362815000001,-0.036302848441482051,0.076022503458396673
14,4,0.12993362815000001,-0.039095375244672985,0.074606444124933224
15,4,0.12993103557000002,-0.041887902047863933,0.074630045113824234
16,4,0.12993103557000002,-0.044680428851054839,0.074040020391547445
17,4,0.12993233186000003,-0.04747295565424578,0.069791842391156628
18,4,0.12993362815000001,-0.050265482457436686,0.073261187758142693
19,4,0.12993362815000001,-0.053058009260627634,0.070499872057888435
20,4,0.12993233186000003,-0.055850536063818547,0.064576023846231914
21,4,0.12993233186000003,-0.058643062867009467,0.066393299990843743
22,4,0.12993233186000003,-0.061435589670200373,0.067195733613139727
23,4,0.12993233186000003,-0.064228116473391328,0.067785758335416418
24,4,0.12993233186000003,-0.067020643276582276,0.065071644612944277
25,4,0.12993492444000004,-0.069813170079773196,0.065803275268566955
26,4,0.12993233186000003,-0.072605696882964102,0.06242833385714576
27,4,0.12993233186000003,-0.075398223686155036,0.064410816923994627
28,4,0.12993233186000003,-0.078190750489345998,0.064056802090628862
29,4,0.12993233186000003,-0.080983277292536945,0.06540205845741924
30,4,0.12993233186000003,-0.083775804095727879,0.059265801345743649
31,4,0.12993233186000003,-0.086568330898918758,0.063183565501659822
32,4,0.12993362815000001,-0.089360857702109719,0.06523685153518187
33,4,0.12993233186000003,-0.092153384505300653,0.062286727923799287
34,4,0.12993362815000001,-0.094945911308491601,0.062027117045997705
35,4,0.12993233186000003,-0.097738438111682563,0.063419575390570249
36,4,0.12993362815000001,-0.10053096491487352,0.065166048568508578
36,4,0.12993233186000003,-0.10332349171806436,0.060823466612553459
35,4,0.12993103557000002,-0.10332349171806436,0.060540254745860625
34,4,0.12993233186000003,-0.10053096491487352,0.099741497293913101
33,4,0.12993233186000003,-0.097738438111682563,0.11461012029528177
32,4,0.12993103557000002,-0.094945911308491601,0.1197079338957507
31,4,0.12993233186000003,-0.092153384505300653,0.12393251090725096
30,4,0.12993362815000001,-0.089360857702109719,0.13058798977452984
29,4,0.12993362815000001,-0.086568330898918758,0.13575660634167239
28,4,0.12993233186000003,-0.083775804095727879,0.13167363526351897
27,4,0.12993492444000004,-0.080983277292536945,0.13537899051941538
26,4,0.12993362815000001,-0.078190750489345998,0.14274249905342662
25,4,0.12993492444000004,-0.075398223686155036,0.14295490795344612
24,4,0.12993362815000001,-0.072605696882964102,0.1464950562871053
23,4,0.12993622073000002,-0.069813170079773196,0.14743909584274781
22,4,0.12993362815000001,-0.067020643276582276,0.14540941079811634
21,4,0.12993362815000001,-0.064228116473391328,0.15192328373204952
20,4,0.12993622073000002,-0.061435589670200373,0.15211209164317802
19,4,0.12993362815000001,-0.058643062867009467,0.15362255493220583
18,4,0.12993362815000001,-0.055850536063818547,0.14817072649837032
17,4,0.12993362815000001,-0.053058009260627634,0.1472266869427282
16,4,0.12993492444000004,-0.050265482457436686,0.15088484022084267
15,4,0.12993362815000001,-0.04747295565424578,0.14899676110955765
14,4,0.12993362815000001,-0.044680428851054839,0.15145126395422831
13,4,0.12993622073000002,-0.041887902047863933,0.15189968274315818
12,4,0.12993492444000004,-0.039095375244672985,0.14937437693181491
11,4,0.12993362815000001,-0.036302848441482051,0.14918556902068597
10,4,0.12993622073000002,-0.033510321638291138,0.15355175196553231
9,4,0.12993492444000004,-0.030717794835100187,0.153693357898879
8,4,0.12993492444000004,-0.027925268031909273,0.14805272155391519
7,4,0.12993492444000004,-0.025132741228718343,0.15274931834323655
6,4,0.12993492444000004,-0.022340214425527419,0.15650187557691544
5,4,0.12993492444000004,-0.019547687622336496,0.15506221525456065
4,4,0.12993492444000004,-0.016755160819145572,0.1533157420766223
3,4,0.12993492444000004,-0.013962634015954651,0.16004202391057448
2,4,0.12993492444000004,-0.011170107212763711,0.15657267854358853
1,4,0.12993751702000006,-0.0083775804095727879,0.16046684171061312
0,4,0.12993751702000006,-0.0055850536063818635,0.16159968917738429
-1,4,0.12993751702000006,-0.0027925268031909335,0.16379458114425308
-1,4,0.12993751702000006,-6.0715321659188248e-18,0.1696004244114539
-1,4,0.12993492444000004,0.0,0.16884519276694027
-2,4,0.12993492444000004,0.0,0.16938801551143459
-3,4,0.12993751702000006,-0.0027925268031909274,0.13611062117503819
-4,4,0.12993492444000004,-0.0055850536063818549,0.12095878630697701
-5,4,0.12993492444000004,-0.0083775804095727845,0.11562496281759731
-6,4,0.12993492444000004,-0.01117010721276371,0.10727021275016158
-7,4,0.12993492444000004,-0.013962634015954637,0.10257361596084025
-8,4,0.12993751702000006,-0.016755160819145569,0.097263393460351635
-9,4,0.12993492444000004,-0.019547687622336492,0.095634925226868395
-10,4,0.12993622073000002,-0.022340214425527419,0.088979446359589112
0,5,0.12993492444000004,-0.025132741228718343,0.084235647592486029
1,5,0.13993191292000001,-0.0027925268031909274,0.15433058459893778
2,5,0.1399345055,-0.0055850536063818549,0.1315792313079546
3,5,0.13993580179000004,-0.0083775804095727845,0.12039236257359161
4,5,0.13993969065999995,-0.01117010721276371,0.10948870570592135
5,5,0.13994098695000007,-0.013962634015954637,0.10509892177218383
6,5,0.13993969065999995,-0.016755160819145569,0.097121787527005274
7,5,0.13993969065999995,-0.019547687622336492,0.095705728193541589
8,5,0.13994228323999996,-0.022340214425527419,0.09143394920425954
9,5,0.13994228323999996,-0.025132741228718343,0.085580903959276311
10,5,0.13994228323999996,-0.027925268031909273,0.077721774658552956
11,5,0.13994098695000007,-0.030717794835100187,0.079421045858709571
12,5,0.13994228323999996,-0.033510321638291138,0.078949026080888343
13,5,0.13994228323999996,-0.036302848441482051,0.076470922247326642
14,5,0.13994098695000007,-0.039095375244672985,0.075762892580595084
15,5,0.13994357953,-0.041887902047863933,0.075149266869427384
16,5,0.13994228323999996,-0.044680428851054839,0.074866055002734688
17,5,0.13994357953,-0.04747295565424578,0.070924689857927603
18,5,0.13994228323999996,-0.050265482457436686,0.07307237984701398
19,5,0.13994228323999996,-0.053058009260627634,0.070004251291176073
20,5,0.13994228323999996,-0.055850536063818547,0.06462322582401428
21,5,0.13994228323999996,-0.058643062867009467,0.067785758335416182
22,5,0.13994228323999996,-0.061435589670200373,0.068753398879949981
23,5,0.13994228323999996,-0.064228116473391328,0.06780935932430722
24,5,0.13994228323999996,-0.067020643276582276,0.06566166933522094
25,5,0.13994228323999996,-0.069813170079773196,0.066251694057497285
26,5,0.13994357953,-0.072605696882964102,0.064458018901776798
27,5,0.13994357953,-0.075398223686155036,0.066464102957516924
28,5,0.13994357953,-0.078190750489345998,0.065614467357439005
29,5,0.13994228323999996,-0.080983277292536945,0.066770915813100559
30,5,0.13994357953,-0.083775804095727879,0.060445850790296317
31,5,0.13994357953,-0.086568330898918758,0.062428333857145767
32,5,0.13994357953,-0.089360857702109719,0.065543664390765727
33,5,0.13994228323999996,-0.092153384505300653,0.063301570446115035
34,5,0.13994228323999996,-0.094945911308491601,0.060705461668098128
35,5,0.13994357953,-0.097738438111682563,0.06323076747944173
36,5,0.13994228323999996,-0.10053096491487352,0.062239525946017026
36,5,0.13994228323999996,-0.10332349171806436,0.060493052768078683
35,5,0.13994357953,-0.10332349171806436,0.061319087379265814
34,5,0.13994228323999996,-0.10053096491487352,0.099340280482764914
33,5,0.13994487581999998,-0.097738438111682563,0.11411449952856929
32,5,0.13994487581999998,-0.094945911308491601,0.11999114576244345
31,5,0.13994228323999996,-0.092153384505300653,0.12546657518516996
30,5,0.13994228323999996,-0.089360857702109719,0.13162643328573648
29,5,0.13994487581999998,-0.086568330898918758,0.13323130053032878
28,5,0.13994487581999998,-0.083775804095727879,0.13018677296338213
27,5,0.13994357953,-0.080983277292536945,0.13212205405244884
26,5,0.13994357953,-0.078190750489345998,0.1380931042418875
25,5,0.13994357953,-0.075398223686155036,0.13936755764200459
24,5,0.13994487581999998,-0.072605696882964102,0.14430016432023629
23,5,0.13994357953,-0.069813170079773196,0.14439456827580097
22,5,0.13994617211000002,-0.067020643276582276,0.14590503156482862
21,5,0.13994487581999998,-0.064228116473391328,0.15086123923195138
20,5,0.13994357953,-0.061435589670200373,0.14939797792070544
19,5,0.13994617211000002,-0.058643062867009467,0.14968118978739853
18,5,0.13994487581999998,-0.055850536063818547,0.14691987408714458
17,5,0.13994617211000002,-0.053058009260627634,0.14772230770944034
16,5,0.13994487581999998,-0.050265482457436686,0.15343374702107754
15,5,0.13994487581999998,-0.04747295565424578,0.15241890449876155
14,5,0.13994617211000002,-0.044680428851054839,0.15414177668780921
13,5,0.13994617211000002,-0.041887902047863933,0.15400017075446254
12,5,0.13994617211000002,-0.039095375244672985,0.14883155418732016
11,5,0.1399474684,-0.036302848441482051,0.15048362340969429
10,5,0.1399474684,-0.033510321638291138,0.15215929362096009
9,5,0.1399474684,-0.030717794835100187,0.1514748649431191
8,5,0.1399474684,-0.027925268031909273,0.15010600758743758
7,5,0.1399474684,-0.025132741228718343,0.14989359868741808
6,5,0.1399474684,-0.022340214425527419,0.15357535295442365
5,5,0.1399474684,-0.019547687622336496,0.15421257965448204
4,5,0.13994617211000002,-0.016755160819145572,0.15598265382131188
3,5,0.1399474684,-0.013962634015954651,0.1573515111769935
2,5,0.13994487581999998,-0.011170107212763711,0.15860236358821986
1,5,0.1399474684,-0.0083775804095727879,0.15985321599944563
0,5,0.1399474684,-0.0055850536063818635,0.15914518633271382
-1,5,0.1399474684,-0.0027925268031909335,0.16598947311112186
-1,5,0.1399474684,-6.0715321659188248e-18,0.17146490253384788
-1,5,0.1399474684,0.0,0.16908120265585053
-2,5,0.1399474684,0.0,0.1706860699004428
-3,5,0.13994617211000002,-0.0027925268031909274,0.13667704490842358
-4,5,0.13994617211000002,-0.0055850536063818549,0.12414491980727038
-5,5,0.1399474684,-0.0083775804095727845,0.11560136182870606
-6,5,0.13994617211000002,-0.01117010721276371,0.1075534246168544
-7,5,0.1399474684,-0.013962634015954637,0.10285682782753303
-8,5,0.13994617211000002,-0.016755160819145569,0.096366555882491545
-9,5,0.13994617211000002,-0.019547687622336492,0.093746846115583718
-10,5,0.13994617211000002,-0.022340214425527419,0.089593072070756868
0,6,0.13994617211000002,-0.025132741228718343,0.086406938570463415
1,6,0.14991204963000004,-0.0027925268031909274,0.15487340734343213
2,6,0.14991723479000005,-0.0055850536063818549,0.13141402438571731
3,6,0.14991723479000005,-0.0083775804095727845,0.12100598828475917
4,6,0.14991982737000006,-0.01117010721276371,0.11040914427267265
5,6,0.14991982737000006,-0.013962634015954637,0.10483931089438217
6,6,0.14991982737000006,-0.016755160819145569,0.097263393460351719
7,6,0.14992371624,-0.019547687622336492,0.095021299515700736
8,6,0.14992371624,-0.022340214425527419,0.091410348215368711
9,6,0.14992112366000002,-0.025132741228718343,0.084967278248108707
10,6,0.14992371624,-0.027925268031909273,0.078878223114214926
11,6,0.14992371624,-0.030717794835100187,0.080223479481005444
12,6,0.14992241995000008,-0.033510321638291138,0.079491848825382544
13,6,0.14992241995000008,-0.036302848441482051,0.076659730158455175
14,6,0.14992371624,-0.039095375244672985,0.076494523236217776
15,6,0.14992371624,-0.041887902047863933,0.074464838191586738
16,6,0.14992371624,-0.044680428851054839,0.075125665880536277
17,6,0.14992630882000002,-0.04747295565424578,0.069697438435592313
18,6,0.14992371624,-0.050265482457436686,0.072387951169173098
19,6,0.14992371624,-0.053058009260627634,0.069791842391156544
20,6,0.14992371624,-0.055850536063818547,0.06559086636854744
21,6,0.14992371624,-0.058643062867009467,0.067762157346525159
22,6,0.14992501252999996,-0.061435589670200373,0.06681811779088305
23,6,0.14992501252999996,-0.064228116473391328,0.066676511857536577
24,6,0.14992241995000008,-0.067020643276582276,0.064670427801796354
25,6,0.14992501252999996,-0.069813170079773196,0.067006925702011333
26,6,0.14992501252999996,-0.072605696882964102,0.064009600112846704
27,6,0.14992501252999996,-0.075398223686155036,0.065850477246349459
28,6,0.14992501252999996,-0.078190750489345998,0.063844393190608986
29,6,0.14992501252999996,-0.080983277292536945,0.064104004068411019
30,6,0.14992501252999996,-0.083775804095727879,0.061909112101542374
31,6,0.14992501252999996,-0.086568330898918758,0.062640742757165066
32,6,0.14992501252999996,-0.089360857702109719,0.064623225824014058
33,6,0.14992371624,-0.092153384505300653,0.061484294301503192
34,6,0.14992501252999996,-0.094945911308491601,0.060162638923603726
35,6,0.14992371624,-0.097738438111682563,0.063136363523877442
36,6,0.14992371624,-0.10053096491487352,0.062475535834927695
36,6,0.14992371624,-0.10332349171806436,0.058062150912298958
35,6,0.14992501252999996,-0.10332349171806436,0.059855826068019771
34,6,0.14992371624,-0.10053096491487352,0.10033152201618953
33,6,0.14992371624,-0.097738438111682563,0.11364247975074819
32,6,0.14992501252999996,-0.094945911308491601,0.11949552499573128
31,6,0.14992501252999996,-0.092153384505300653,0.12577338804075358
30,6,0.14992371624,-0.089360857702109719,0.13278288174139891
29,6,0.14992371624,-0.086568330898918758,0.13563860139721706
28,6,0.14992630882000002,-0.083775804095727879,0.13495417271937632
27,6,0.14992371624,-0.080983277292536945,0.1359926162305832
26,6,0.14992630882000002,-0.078190750489345998,0.14175125752000189
25,6,0.14992630882000002,-0.075398223686155036,0.14116123279772527
24,6,0.14992501252999996,-0.072605696882964102,0.14552741574257191
23,6,0.14992501252999996,-0.069813170079773196,0.14503179497585966
22,6,0.14992501252999996,-0.067020643276582276,0.14307291289790139
21,6,0.14992630882000002,-0.064228116473391328,0.14927997297625037
20,6,0.14992630882000002,-0.061435589670200373,0.15081403725416936
19,6,0.14992630882000002,-0.058643062867009467,0.15008240659854638
18,6,0.14992630882000002,-0.055850536063818547,0.14623544540930344
17,6,0.14992501252999996,-0.053058009260627634,0.1488787561651021
16,6,0.14992760511000008,-0.050265482457436686,0.15201768768761351
15,6,0.14992501252999996,-0.04747295565424578,0.1527257173543454
14,6,0.14992760511000008,-0.044680428851054839,0.15315053515438445
13,6,0.14992760511000008,-0.041887902047863933,0.15466099844341225
12,6,0.14992760511000008,-0.039095375244672985,0.14965758879850749
11,6,0.14992630882000002,-0.036302848441482051,0.15046002242080309
10,6,0.14992760511000008,-0.033510321638291138,0.15418897866559128
9,6,0.14992890140000001,-0.030717794835100187,0.15246610647654349
8,6,0.14992630882000002,-0.027925268031909273,0.15022401253189271
7,6,0.14992630882000002,-0.025132741228718343,0.15140406197644607
6,6,0.14992760511000008,-0.022340214425527419,0.15489700833232345
5,6,0.14992630882000002,-0.019547687622336496,0.15489700833232289
4,6,0.14992890140000001,-0.016755160819145572,0.15492060932121393
3,6,0.14992630882000002,-0.013962634015954651,0.15907438336604079
2,6,0.14992630882000002,-0.011170107212763711,0.15794153589926968
1,6,0.14992890140000001,-0.0083775804095727879,0.1606320486328508
0,6,0.14992890140000001,-0.0055850536063818635,0.16299214752195704
-1,6,0.14992630882000002,-0.0027925268031909335,0.16639068992226985
-1,6,0.14992890140000001,-6.0715321659188248e-18,0.17144130154495674
-1,6,0.14992890140000001,0.0,0.17120529165604631
-2,6,0.14992630882000002,0.0,0.17080407484489835
-3,6,0.14992890140000001,-0.0027925268031909274,0.1360162172194741
-4,6,0.14992630882000002,-0.0055850536063818549,0.12296487036271726
-5,6,0.14992630882000002,-0.0083775804095727845,0.11706462313995178
-6,6,0.14992890140000001,-0.01117010721276371,0.10771863153909167
-7,6,0.14992890140000001,-0.013962634015954637,0.10365926144982915
-8,6,0.14992890140000001,-0.016755160819145569,0.09627215192692723
-9,6,0.14992890140000001,-0.019547687622336492,0.093841250071147936
-10,6,0.14992890140000001,-0.022340214425527419,0.092991614471069781
0,7,0.14992630882000002,-0.025132741228718343,0.087020564281631213
1,7,0.15992977875000003,-0.0027925268031909274,0.15562863898794604
2,7,0.15993366761999997,-0.0055850536063818549,0.13141402438571698
3,7,0.15993496391000003,-0.0083775804095727845,0.12310647629606371
4,7,0.15993885278,-0.01117010721276371,0.11182520360613635
5,7,0.15994014907000004,-0.013962634015954637,0.10637337517230147
6,7,0.15994014907000004,-0.016755160819145569,0.098632250816033024
7,7,0.15994014907000004,-0.019547687622336492,0.095044900504591953
8,7,0.15994014907000004,-0.022340214425527419,0.090041490859687198
9,7,0.15993885278,-0.025132741228718343,0.085533701981494153
10,7,0.15993885278,-0.027925268031909273,0.079633454758729114
11,7,0.15994144535999999,-0.030717794835100187,0.08005827255876817
12,7,0.15994144535999999,-0.033510321638291138,0.078972627069779353
13,7,0.15994144535999999,-0.036302848441482051,0.077650971691880094
14,7,0.15994014907000004,-0.039095375244672985,0.07517286785831831
15,7,0.15993885278,-0.041887902047863933,0.076022503458396465
16,7,0.15994014907000004,-0.044680428851054839,0.075149266869427175
17,7,0.15994014907000004,-0.04747295565424578,0.069909847335611744
18,7,0.15994014907000004,-0.050265482457436686,0.074276030280458219
19,7,0.15994014907000004,-0.053058009260627634,0.070311064146760013
20,7,0.15994274165000005,-0.055850536063818547,0.065118846590726767
21,7,0.15994274165000005,-0.058643062867009467,0.065048043624053475
22,7,0.15994274165000005,-0.061435589670200373,0.066062886146369112
23,7,0.15994274165000005,-0.064228116473391328,0.066770915813100767
24,7,0.15994274165000005,-0.067020643276582276,0.062569939790491774
25,7,0.15994014907000004,-0.069813170079773196,0.067502546468723584
26,7,0.15994014907000004,-0.072605696882964102,0.064576023846232122
27,7,0.15994144535999999,-0.075398223686155036,0.065071644612944041
28,7,0.15994144535999999,-0.078190750489345998,0.063419575390570374
29,7,0.15994144535999999,-0.080983277292536945,0.062735146712729256
30,7,0.15994014907000004,-0.083775804095727879,0.061885511112651358
31,7,0.15994144535999999,-0.086568330898918758,0.061366289357048187
32,7,0.15994144535999999,-0.089360857702109719,0.06717213262424894
33,7,0.15994014907000004,-0.092153384505300653,0.064599624835123159
34,7,0.15994144535999999,-0.094945911308491601,0.063112762534986308
35,7,0.15994144535999999,-0.097738438111682563,0.064410816923994446
36,7,0.15994144535999999,-0.10053096491487352,0.063348772423897193
36,7,0.15994014907000004,-0.10332349171806436,0.059029791456832757
35,7,0.15994014907000004,-0.10332349171806436,0.061248284412592759
34,7,0.15994014907000004,-0.10053096491487352,0.098773856749379732
33,7,0.15994014907000004,-0.097738438111682563,0.11456291831749961
32,7,0.15994144535999999,-0.094945911308491601,0.11838627851785125
31,7,0.15994014907000004,-0.092153384505300653,0.12473494452954659
30,7,0.15994274165000005,-0.089360857702109719,0.13346731041923945
29,7,0.15994274165000005,-0.086568330898918758,0.13658264095285952
28,7,0.15994274165000005,-0.083775804095727879,0.13445855195266415
27,7,0.15994144535999999,-0.080983277292536945,0.13629942908616671
26,7,0.15994144535999999,-0.078190750489345998,0.14514979992031476
25,7,0.15994144535999999,-0.075398223686155036,0.14356853366461347
24,7,0.15994403793999995,-0.072605696882964102,0.14713228298716377
23,7,0.15994403793999995,-0.069813170079773196,0.14944517989848774
22,7,0.15994403793999995,-0.067020643276582276,0.14831233243171665
21,7,0.15994403793999995,-0.064228116473391328,0.14944517989848788
20,7,0.15994274165000005,-0.061435589670200373,0.15046002242080375
19,7,0.15994274165000005,-0.058643062867009467,0.14878435220953826
18,7,0.15994533423000007,-0.055850536063818547,0.14625904639819459
17,7,0.15994403793999995,-0.053058009260627634,0.14791111562056872
16,7,0.15994663051999997,-0.050265482457436686,0.15197048570983135
15,7,0.15994663051999997,-0.04747295565424578,0.1531505351543844
14,7,0.15994533423000007,-0.044680428851054839,0.15510941723234234
13,7,0.15994533423000007,-0.041887902047863933,0.15409457471002683
12,7,0.15994533423000007,-0.039095375244672985,0.14932717495403272
11,7,0.15994792681000009,-0.036302848441482051,0.14897316012066653
10,7,0.15994533423000007,-0.033510321638291138,0.15291452526547367
9,7,0.15994792681000009,-0.030717794835100187,0.15418897866559125
8,7,0.15994663051999997,-0.027925268031909273,0.15291452526547367
7,7,0.15994663051999997,-0.025132741228718343,0.15289092427658266
6,7,0.15994792681000009,-0.022340214425527419,0.15220649559874191
5,7,0.15994792681000009,-0.019547687622336496,0.15520382118790685
4,7,0.15994792681000009,-0.016755160819145572,0.15631306766578681
3,7,0.15994792681000009,-0.013962634015954651,0.15754031908812199
2,7,0.15994792681000009,-0.011170107212763711,0.1615288862107111
1,7,0.15994663051999997,-0.0083775804095727879,0.16211891093298755
0,7,0.15994792681000009,-0.0055850536063818635,0.16216611291076999
-1,7,0.15994663051999997,-0.0027925268031909335,0.16587146816666679
-1,7,0.15994792681000009,-6.0715321659188248e-18,0.17273935593396519
-1,7,0.15994792681000009,0.0,0.17323497670067756
-2,7,0.15994792681000009,0.0,0.17245614406727258
-3,7,0.15994663051999997,-0.0027925268031909274,0.13714906468624508
-4,7,0.15994792681000009,-0.0055850536063818549,0.12223323970709443
-5,7,0.15994663051999997,-0.0083775804095727845,0.11763104687333741
-6,7,0.15994663051999997,-0.01117010721276371,0.10870987307251627
-7,7,0.15994663051999997,-0.013962634015954637,0.10373006441650243
-8,7,0.15994663051999997,-0.016755160819145569,0.097074585549223005
-9,7,0.15994663051999997,-0.019547687622336492,0.095894536104669872
-10,7,0.15994922309999998,-0.022340214425527419,0.090159495804142217
0,8,0.15994922309999998,-0.025132741228718343,0.087044165270522028
1,8,0.16990343401000005,-0.0027925268031909274,0.15647827458802419
2,8,0.16990861917000008,-0.0055850536063818549,0.13207485207466702
3,8,0.16990991545999995,-0.0083775804095727845,0.12152521004036258
4,8,0.16991121175000007,-0.01117010721276371,0.11222642041728462
5,8,0.16991380433000008,-0.013962634015954637,0.10446169507212544
6,8,0.16991250803999997,-0.016755160819145569,0.09775901422706397
7,8,0.16991510061999995,-0.019547687622336492,0.095304511382393875
8,8,0.16991380433000008,-0.022340214425527419,0.092850008537723433
9,8,0.16991639691000004,-0.025132741228718343,0.088082608781729119
10,8,0.16991639691000004,-0.027925268031909273,0.080011070580985902
11,8,0.16991639691000004,-0.030717794835100187,0.080223479481005541
12,8,0.16991639691000004,-0.033510321638291138,0.082371169470092265
13,8,0.16991510061999995,-0.036302848441482051,0.076942942025148092
14,8,0.16991639691000004,-0.039095375244672985,0.076754134114019254
15,8,0.16991510061999995,-0.041887902047863933,0.078099390480810105
16,8,0.16991510061999995,-0.044680428851054839,0.076612528180672879
17,8,0.16991510061999995,-0.04747295565424578,0.072647562046975131
18,8,0.16991639691000004,-0.050265482457436686,0.074677247091606169
19,8,0.16991510061999995,-0.053058009260627634,0.070240261180086513
20,8,0.16991510061999995,-0.055850536063818547,0.064576023846232025
21,8,0.16991510061999995,-0.058643062867009467,0.067573349435396876
22,8,0.16991769319999997,-0.061435589670200373,0.067903763279871521
23,8,0.16991510061999995,-0.064228116473391328,0.066582107901972151
24,8,0.16991769319999997,-0.067020643276582276,0.065638068346329695
25,8,0.16991510061999995,-0.069813170079773196,0.064505220879558955
26,8,0.16991510061999995,-0.072605696882964102,0.064198408023975334
27,8,0.16991510061999995,-0.075398223686155036,0.067006925702011458
28,8,0.16991510061999995,-0.078190750489345998,0.064033201101737852
29,8,0.16991639691000004,-0.080983277292536945,0.064977240657380059
30,8,0.16991639691000004,-0.083775804095727879,0.059785023101346466
31,8,0.16991380433000008,-0.086568330898918758,0.06223952594601713
32,8,0.16991380433000008,-0.089360857702109719,0.065307654501854842
33,8,0.16991380433000008,-0.092153384505300653,0.060729062656989151
34,8,0.16991380433000008,-0.094945911308491601,0.059832225079128734
35,8,0.16991639691000004,-0.097738438111682563,0.061696703201522519
36,8,0.16991639691000004,-0.10053096491487352,0.059383806290198425
36,8,0.16991639691000004,-0.10332349171806436,0.059407407279089663
35,8,0.16991639691000004,-0.10332349171806436,0.059336604312416621
34,8,0.16991639691000004,-0.10053096491487352,0.099977507182823638
33,8,0.16991510061999995,-0.097738438111682563,0.11213201646172041
32,8,0.16991769319999997,-0.094945911308491601,0.12098238729586805
31,8,0.16991769319999997,-0.092153384505300653,0.12527776727404125
30,8,0.16991639691000004,-0.089360857702109719,0.13389212821927862
29,8,0.16991639691000004,-0.086568330898918758,0.13705466073068065
28,8,0.16991639691000004,-0.083775804095727879,0.13594541425280071
27,8,0.16991639691000004,-0.080983277292536945,0.13769188743073926
26,8,0.16991639691000004,-0.078190750489345998,0.14248288817562471
25,8,0.16991639691000004,-0.075398223686155036,0.14359213465350498
24,8,0.16991898949000006,-0.072605696882964102,0.14616464244263036
23,8,0.16991898949000006,-0.069813170079773196,0.14805272155391508
22,8,0.16991898949000006,-0.067020643276582276,0.14566902167591839
21,8,0.16991898949000006,-0.064228116473391328,0.14994080066519999
20,8,0.16991898949000006,-0.061435589670200373,0.15088484022084275
19,8,0.16991898949000006,-0.058643062867009467,0.14953958385405214
18,8,0.16991898949000006,-0.055850536063818547,0.1489023571539938
17,8,0.16991769319999997,-0.053058009260627634,0.14618824343152156
16,8,0.16991769319999997,-0.050265482457436686,0.15449579152117507
15,8,0.16991769319999997,-0.04747295565424578,0.15239530350987041
14,8,0.16991769319999997,-0.044680428851054839,0.15459019547673927
13,8,0.16991898949000006,-0.041887902047863933,0.15251330845432573
12,8,0.16991898949000006,-0.039095375244672985,0.15064883033193213
11,8,0.16991898949000006,-0.036302848441482051,0.15201768768761359
10,8,0.16991898949000006,-0.033510321638291138,0.15267851537656313
9,8,0.16991898949000006,-0.030717794835100187,0.15626586568800466
8,8,0.16991898949000006,-0.027925268031909273,0.15251330845432604
7,8,0.16992158207000008,-0.025132741228718343,0.15220649559874183
6,8,0.16991898949000006,-0.022340214425527419,0.15480260437675861
5,8,0.16992158207000008,-0.019547687622336496,0.15643107261024203
4,8,0.16992158207000008,-0.016755160819145572,0.15779992996592368
3,8,0.16992158207000008,-0.013962634015954651,0.15770552601035948
2,8,0.16992158207000008,-0.011170107212763711,0.15919238831049645
1,8,0.16992287836,-0.0083775804095727879,0.16424299993318345
0,8,0.16992287836,-0.0055850536063818635,0.16459701476654925
-1,8,0.16992158207000008,-0.0027925268031909335,0.16539944838884532
-1,8,0.16992417465000009,-6.0715321659188248e-18,0.17219653318947087
-1,8,0.16992287836,0.0,0.17104008473380869
-2,8,0.16992287836,0.0,0.17328217867845944
-3,8,0.16992547094000002,-0.0027925268031909274,0.13757388248628438
-4,8,0.16992547094000002,-0.0055850536063818549,0.12431012672950796
-5,8,0.16992547094000002,-0.0083775804095727845,0.11824467258450477
-6,8,0.16992547094000002,-0.01117010721276371,0.10828505527247718
-7,8,0.16992547094000002,-0.013962634015954637,0.10545293660554995
-8,8,0.16992547094000002,-0.016755160819145569,0.09712178752700526
-9,8,0.16992417465000009,-0.019547687622336492,0.094053658971167478
-10,8,0.16992417465000009,-0.022340214425527419,0.092732003593267859
0,9,0.16992417465000009,-0.025132741228718343,0.087704992959472122
1,9,0.17992894087000003,-0.0027925268031909274,0.15690309238806316
2,9,0.17993153345000001,-0.0055850536063818549,0.13247606888581503
3,9,0.17993282974000011,-0.0083775804095727845,0.12270525948491566
4,9,0.17993542231999993,-0.01117010721276371,0.11317045997292685
5,9,0.17993671861000002,-0.013962634015954637,0.10524052770553043
6,9,0.17993542231999993,-0.016755160819145569,0.098443442904904629
7,9,0.17993671861000002,-0.019547687622336492,0.096036142038016359
8,9,0.17993801489999994,-0.022340214425527419,0.091717161070952472
9,9,0.17993931119000003,-0.025132741228718343,0.088224214715075383
10,9,0.17993671861000002,-0.027925268031909273,0.080199878492114407
11,9,0.17993931119000003,-0.030717794835100187,0.080459489369916329
12,9,0.17993801489999994,-0.033510321638291138,0.079963868603203758
13,9,0.17993801489999994,-0.036302848441482051,0.078359001358611888
14,9,0.17993801489999994,-0.039095375244672985,0.078547809269740296
15,9,0.17994060747999996,-0.041887902047863933,0.075786493569486121
16,9,0.17994060747999996,-0.044680428851054839,0.078760218169759713
17,9,0.17994060747999996,-0.04747295565424578,0.072175542269153681
18,9,0.17994060747999996,-0.050265482457436686,0.075550483680575556
19,9,0.17994060747999996,-0.053058009260627634,0.071963133369134236
20,9,0.17994060747999996,-0.055850536063818547,0.064528821868449979
21,9,0.17994060747999996,-0.058643062867009467,0.06828137910212842
22,9,0.17993931119000003,-0.061435589670200373,0.065520063401874579
23,9,0.17994060747999996,-0.064228116473391328,0.068564590968821157
24,9,0.17993931119000003,-0.067020643276582276,0.065449260435201301
25,9,0.17993931119000003,-0.069813170079773196,0.064717629779578595
26,9,0.17993931119000003,-0.072605696882964102,0.066015684168586608
27,9,0.17993931119000003,-0.075398223686155036,0.066865319768665096
28,9,0.17993931119000003,-0.078190750489345998,0.062074319023779877
29,9,0.17993931119000003,-0.080983277292536945,0.066110088124151048
30,9,0.17994060747999996,-0.083775804095727879,0.06127188540148365
31,9,0.17994060747999996,-0.086568330898918758,0.064882836701815882
32,9,0.17993801489999994,-0.089360857702109719,0.066770915813100656
33,9,0.17993801489999994,-0.092153384505300653,0.062546338801600876
34,9,0.17993801489999994,-0.094945911308491601,0.060965072545899709
35,9,0.17993801489999994,-0.097738438111682563,0.062027117045997504
36,9,0.17993801489999994,-0.10053096491487352,0.062947555612748701
36,9,0.17993801489999994,-0.10332349171806436,0.057495727178913526
35,9,0.17993801489999994,-0.10332349171806436,0.058416165745665272
34,9,0.17994060747999996,-0.10053096491487352,0.099552689382784568
33,9,0.17994060747999996,-0.097738438111682563,0.11427970645080679
32,9,0.17994060747999996,-0.094945911308491601,0.11992034279577027
31,9,0.17994060747999996,-0.092153384505300653,0.12676462957417817
30,9,0.17993931119000003,-0.089360857702109719,0.13502497568604946
29,9,0.17993931119000003,-0.086568330898918758,0.13839991709747099
28,9,0.17993931119000003,-0.083775804095727879,0.13509577865272265
27,9,0.17993931119000003,-0.080983277292536945,0.13622862611949355
26,9,0.17993931119000003,-0.078190750489345998,0.14271889806453558
25,9,0.17993931119000003,-0.075398223686155036,0.14354493267572249
24,9,0.17993931119000003,-0.072605696882964102,0.14500819398696821
23,9,0.17994190377000005,-0.069813170079773196,0.14812352452058836
22,9,0.17994190377000005,-0.067020643276582276,0.14342692773126736
21,9,0.17994190377000005,-0.064228116473391328,0.14925637198735955
20,9,0.17994060747999996,-0.061435589670200373,0.15017681055411095
19,9,0.17994060747999996,-0.058643062867009467,0.15048362340969451
18,9,0.17994060747999996,-0.055850536063818547,0.14694347507603536
17,9,0.17994190377000005,-0.053058009260627634,0.14493739102029526
16,9,0.17994320005999997,-0.050265482457436686,0.15466099844341247
15,9,0.17994320005999997,-0.04747295565424578,0.15256051043210783
14,9,0.17994320005999997,-0.044680428851054839,0.15508581624345188
13,9,0.17994320005999997,-0.041887902047863933,0.15449579152117501
12,9,0.17994320005999997,-0.039095375244672985,0.15055442637636768
11,9,0.17994190377000005,-0.036302848441482051,0.15220649559874194
10,9,0.17994190377000005,-0.033510321638291138,0.1550150132767785
9,9,0.17994449635000007,-0.030717794835100187,0.15539262909903537
8,9,0.17994449635000007,-0.027925268031909273,0.15348094899885945
7,9,0.17994449635000007,-0.025132741228718343,0.15385856482111618
6,9,0.17994320005999997,-0.022340214425527419,0.15378776185444321
5,9,0.17994320005999997,-0.019547687622336496,0.15994761995501028
4,9,0.17994320005999997,-0.016755160819145572,0.1564074716213511
3,9,0.17994579263999999,-0.013962634015954651,0.16183569906629494
2,9,0.17994579263999999,-0.011170107212763711,0.15973521105499061
1,9,0.17994449635000007,-0.0083775804095727879,0.16351136927756021
0,9,0.17994708893000008,-0.0055850536063818635,0.16287414257750166
-1,9,0.17994579263999999,-0.0027925268031909335,0.16598947311112203
-1,9,0.17994579263999999,-6.0715321659188248e-18,0.17273935593396511
-1,9,0.17994708893000008,0.0,0.1727865579117473
-2,9,0.17994968151000007,0.0,0.17441502614523058
-3,9,0.17994838521999995,-0.0027925268031909274,0.13674784787509692
-4,9,0.17994838521999995,-0.0055850536063818549,0.12386170794057776
-5,9,0.17994838521999995,-0.0083775804095727845,0.11810306665115863
-6,9,0.17994838521999995,-0.01117010721276371,0.10809624736134879
-7,9,0.17994838521999995,-0.013962634015954637,0.1056889464944603
-8,9,0.17994838521999995,-0.016755160819145569,0.09792422114930123
-9,9,0.17995097779999997,-0.019547687622336492,0.096578964782511198
-10,9,0.17995097779999997,-0.022340214425527419,0.092401589748793117
0,10,0.17995097779999997,-0.025132741228718343,0.087586988015016659
1,10,0.18990389241999994,-0.0027925268031909274,0.15558143701016383
2,10,0.18990518871000003,-0.0055850536063818549,0.13174443823019194
3,10,0.18990648499999996,-0.0083775804095727845,0.11999114576244363
4,10,0.18990907757999997,-0.01117010721276371,0.11111717393940453
5,10,0.18991037387000007,-0.013962634015954637,0.1057597494611338
6,10,0.18990907757999997,-0.016755160819145569,0.099269477516091872
7,10,0.18991167015999996,-0.019547687622336492,0.094738087649008318
8,10,0.18991167015999996,-0.022340214425527419,0.091150737337566706
9,10,0.18991037387000007,-0.025132741228718343,0.085439298025929949
10,10,0.18991037387000007,-0.027925268031909273,0.080860706181064043
11,10,0.18991037387000007,-0.030717794835100187,0.080742701236608816
12,10,0.18991296645000008,-0.033510321638291138,0.080884307169955177
13,10,0.18991296645000008,-0.036302848441482051,0.080105474536550439
14,10,0.18991167015999996,-0.039095375244672985,0.076470922247326878
15,10,0.18991167015999996,-0.041887902047863933,0.079350242892036266
16,10,0.18991426273999995,-0.044680428851054839,0.075880897525050311
17,10,0.18991426273999995,-0.04747295565424578,0.072600360069192973
18,10,0.18991296645000008,-0.050265482457436686,0.076329316313980614
19,10,0.18991296645000008,-0.053058009260627634,0.072246345235826986
20,10,0.18991555903000007,-0.055850536063818547,0.065260452524072893
21,10,0.18991555903000007,-0.058643062867009467,0.06736094053537732
22,10,0.18991555903000007,-0.061435589670200373,0.067880162290980484
23,10,0.18991555903000007,-0.064228116473391328,0.067266536579812811
24,10,0.18991555903000007,-0.067020643276582276,0.065095245601835411
25,10,0.18991445718349997,-0.069813170079773196,0.066818117790882953
26,10,0.18991555903000007,-0.072605696882964102,0.063962398135064547
27,10,0.18991555903000007,-0.075398223686155036,0.063230767479441632
28,10,0.18991555903000007,-0.078190750489345998,0.061979915068215555
29,10,0.18991555903000007,-0.080983277292536945,0.064222009012866038
30,10,0.18991555903000007,-0.083775804095727879,0.058463367723447311
31,10,0.18991555903000007,-0.086568330898918758,0.062640742757165302
32,10,0.18991296645000008,-0.089360857702109719,0.064481619890667932
33,10,0.18991296645000008,-0.092153384505300653,0.061460693312612058
34,10,0.18991555903000007,-0.094945911308491601,0.059242200356852279
35,10,0.18991296645000008,-0.097738438111682563,0.062050718034888631
36,10,0.18991296645000008,-0.10053096491487352,0.062640742757164941
36,10,0.18991296645000008,-0.10332349171806436,0.056858500478855011
35,10,0.18991555903000007,-0.10332349171806436,0.05865217563457583
34,10,0.18991555903000007,-0.10053096491487352,0.099151472571636742
33,10,0.18991555903000007,-0.097738438111682563,0.11343007085072851
32,10,0.18991555903000007,-0.094945911308491601,0.12119479619588766
31,10,0.18991426273999995,-0.092153384505300653,0.1261510038630104
30,10,0.18991555903000007,-0.089360857702109719,0.13391572920816958
29,10,0.18991555903000007,-0.086568330898918758,0.13705466073068084
28,10,0.18991555903000007,-0.083775804095727879,0.13261767481916131
27,10,0.18991426273999995,-0.080983277292536945,0.13670064589731473
26,10,0.18991685531999997,-0.078190750489345998,0.14191646444223932
25,10,0.18991685531999997,-0.075398223686155036,0.14321451883124783
24,10,0.18991685531999997,-0.072605696882964102,0.14569262266480931
23,10,0.18991685531999997,-0.069813170079773196,0.14609383947595708
22,10,0.18991685531999997,-0.067020643276582276,0.14458337618692901
21,10,0.18991685531999997,-0.064228116473391328,0.14916196803179546
20,10,0.18991555903000007,-0.061435589670200373,0.14838313539839038
19,10,0.18991685531999997,-0.058643062867009467,0.15036561846523941
18,10,0.18991555903000007,-0.055850536063818547,0.14826513045393505
17,10,0.18991555903000007,-0.053058009260627634,0.14727388892051035
16,10,0.18991555903000007,-0.050265482457436686,0.15440138756561078
15,10,0.18991555903000007,-0.04747295565424578,0.15204128867650454
14,10,0.18991555903000007,-0.044680428851054839,0.15383496383222514
13,10,0.18991555903000007,-0.041887902047863933,0.15395296877668069
12,10,0.18991555903000007,-0.039095375244672985,0.15109724912086211
11,10,0.18991555903000007,-0.036302848441482051,0.15305613119882028
10,10,0.18991555903000007,-0.033510321638291138,0.15607705777687625
9,10,0.18991555903000007,-0.030717794835100187,0.15626586568800455
8,10,0.18991555903000007,-0.027925268031909273,0.15447219053228406
7,10,0.18991685531999997,-0.025132741228718343,0.15381136284333413
6,10,0.18991555903000007,-0.022340214425527419,0.15569944195461924
5,10,0.18991815161000009,-0.019547687622336496,0.15711550128808277
4,10,0.18991685531999997,-0.016755160819145572,0.15728070821032009
3,10,0.18991685531999997,-0.013962634015954651,0.15947560017718884
2,10,0.18991944789999995,-0.011170107212763711,0.16051404368839559
1,10,0.18991815161000009,-0.0083775804095727879,0.16218971389966105
0,10,0.18991815161000009,-0.0055850536063818635,0.16393618707759963
-1,10,0.18992074419000007,-0.0027925268031909335,0.16492742861102411
-1,10,0.18992074419000007,-6.0715321659188248e-18,0.1739430063674095
-1,10,0.18992074419000007,0.0,0.17415541526742923
-2,10,0.18991944789999995,0.0,0.17472183900081428
-3,10,0.18992074419000007,-0.0027925268031909274,0.13950916357535098
-4,10,0.18991944789999995,-0.0055850536063818549,0.12537217122960556
-5,10,0.18992074419000007,-0.0083775804095727845,0.1179142587400301
-6,10,0.18992074419000007,-0.01117010721276371,0.10922909482811946
-7,10,0.18992074419000007,-0.013962634015954637,0.10483931089438248
-8,10,0.18992074419000007,-0.016755160819145569,0.098939063671617089
-9,10,0.18992074419000007,-0.019547687622336492,0.097216191482569714
-10,10,0.18992074419000007,-0.022340214425527419,0.092802806559941137
0,11,0.18992074419000007,-0.025132741228718343,0.087138569226086454
1,11,0.19991514008999997,-0.0027925268031909274,0.15720990524364711
2,11,0.19992032524999998,-0.0055850536063818549,0.13172083724130115
3,11,0.19992032524999998,-0.0083775804095727845,0.12301207234049918
4,11,0.19992162154000007,-0.01117010721276371,0.1122972233839578
5,11,0.19992162154000007,-0.013962634015954637,0.10559454253889641
6,11,0.19992421412000008,-0.016755160819145569,0.10011911311617024
7,11,0.19992551040999998,-0.019547687622336492,0.093581639193346222
8,11,0.19992551040999998,-0.022340214425527419,0.092448791726575164
9,11,0.19992551040999998,-0.025132741228718343,0.087539786037234391
10,11,0.19992551040999998,-0.027925268031909273,0.080365085414351806
11,11,0.19992421412000008,-0.030717794835100187,0.082135159581181588
12,11,0.19992680670000007,-0.033510321638291138,0.083268007047952342
13,11,0.19992680670000007,-0.036302848441482051,0.078713016191977458
14,11,0.19992680670000007,-0.039095375244672985,0.079775060692075336
15,11,0.19992680670000007,-0.041887902047863933,0.078193794436374059
16,11,0.19992551040999998,-0.044680428851054839,0.078288198391938596
17,11,0.19992551040999998,-0.04747295565424578,0.072151941280262893
18,11,0.19992810299,-0.050265482457436686,0.073379192702598045
19,11,0.19992810299,-0.053058009260627634,0.071066295791273965
20,11,0.19992680670000007,-0.055850536063818547,0.06547286142409231
21,11,0.19992680670000007,-0.058643062867009467,0.068682595913276467
22,11,0.19992680670000007,-0.061435589670200373,0.068470187013257161
23,11,0.19992680670000007,-0.064228116473391328,0.067714955368743002
24,11,0.19992680670000007,-0.067020643276582276,0.064694028790687683
25,11,0.19992680670000007,-0.069813170079773196,0.065000841646271429
26,11,0.19992680670000007,-0.072605696882964102,0.061743905179304781
27,11,0.19992680670000007,-0.075398223686155036,0.065543664390765505
28,11,0.19992680670000007,-0.078190750489345998,0.063325171435005947
29,11,0.19992680670000007,-0.080983277292536945,0.063537580335025268
30,11,0.19992939928000009,-0.083775804095727879,0.060729062656989366
31,11,0.19992939928000009,-0.086568330898918758,0.063089161546095063
32,11,0.19992939928000009,-0.089360857702109719,0.064977240657380059
33,11,0.19992939928000009,-0.092153384505300653,0.062923954623858011
34,11,0.19992939928000009,-0.094945911308491601,0.059997432001366223
35,11,0.19992939928000009,-0.097738438111682563,0.060988673534790851
36,11,0.19992939928000009,-0.10053096491487352,0.059171397390178994
36,11,0.19992810299,-0.10332349171806436,0.056362879712143002
35,11,0.19992680670000007,-0.10332349171806436,0.056410081689924917
34,11,0.19992680670000007,-0.10053096491487352,0.099387482460547183
33,11,0.19992680670000007,-0.097738438111682563,0.11347727282851057
32,11,0.19992939928000009,-0.094945911308491601,0.12025075664024509
31,11,0.19992939928000009,-0.092153384505300653,0.12638701375192107
30,11,0.19992939928000009,-0.089360857702109719,0.13396293118595193
29,11,0.19992810299,-0.086568330898918758,0.13688945380844347
28,11,0.19992939928000009,-0.083775804095727879,0.132523270863597
27,11,0.19992810299,-0.080983277292536945,0.13632303007505814
26,11,0.19992810299,-0.078190750489345998,0.14312011487568316
25,11,0.19992810299,-0.075398223686155036,0.1417276565311108
24,11,0.19992810299,-0.072605696882964102,0.14522060288698802
23,11,0.19992810299,-0.069813170079773196,0.14517340090920602
22,11,0.19992810299,-0.067020643276582276,0.14493739102029546
21,11,0.19993069557000001,-0.064228116473391328,0.14918556902068605
20,11,0.19993069557000001,-0.061435589670200373,0.15215929362095987
19,11,0.19993069557000001,-0.058643062867009467,0.15114445109864422
18,11,0.19993069557000001,-0.055850536063818547,0.14819432748726147
17,11,0.19993069557000001,-0.053058009260627634,0.14807632254280656
16,11,0.19993069557000001,-0.050265482457436686,0.1552510231656889
15,11,0.19993069557000001,-0.04747295565424578,0.15189968274315838
14,11,0.19993069557000001,-0.044680428851054839,0.15392936778778979
13,11,0.19993069557000001,-0.041887902047863933,0.15425978163226423
12,11,0.19993069557000001,-0.039095375244672985,0.15248970746543497
11,11,0.19993069557000001,-0.036302848441482051,0.15223009658763315
10,11,0.19992939928000009,-0.033510321638291138,0.15470820042119465
9,11,0.19993069557000001,-0.030717794835100187,0.15699749634362747
8,11,0.19993069557000001,-0.027925268031909273,0.15518022019901589
7,11,0.19992939928000009,-0.025132741228718343,0.15359895394331499
6,11,0.1999319918600001,-0.022340214425527419,0.15695029436584557
5,11,0.1999319918600001,-0.019547687622336496,0.15864956556600182
4,11,0.19993069557000001,-0.016755160819145572,0.1574459151325576
3,11,0.19993069557000001,-0.013962634015954651,0.15975881204388143
2,11,0.19993328815000003,-0.011170107212763711,0.16185930005518609
1,11,0.1999319918600001,-0.0083775804095727879,0.16483302465545996
0,11,0.1999319918600001,-0.0055850536063818635,0.16270893565526423
-1,11,0.1999319918600001,-0.0027925268031909335,0.16775954727795145
-1,11,0.19993458444000009,-6.0715321659188248e-18,0.17281015890063847
-1,11,0.1999319918600001,0.0,0.17214933121168882
-2,11,0.19993458444000009,0.0,0.1727865579117473
-3,11,0.19993458444000009,-0.0027925268031909274,0.13743227655293758
-4,11,0.19993458444000009,-0.0055850536063818549,0.12402691486281506
-5,11,0.19993328815000003,-0.0083775804095727845,0.11871669236232656
-6,11,0.19993458444000009,-0.01117010721276371,0.10977191757261406
-7,11,0.19993328815000003,-0.013962634015954637,0.1067273900056674
-8,11,0.19993328815000003,-0.016755160819145569,0.098608649827142208
-9,11,0.19993328815000003,-0.019547687622336492,0.095351713360175477
-10,11,0.19993328815000003,-0.022340214425527419,0.093628841171128269
0,12,0.19993328815000003,-0.025132741228718343,0.086241731648225933
1,12,0.20989398051000002,-0.0027925268031909274,0.15907438336604085
2,12,0.20990046196000015,-0.0055850536063818549,0.13207485207466679
3,12,0.20990046196000015,-0.0083775804095727845,0.12244564860711409
4,12,0.20990175825000001,-0.01117010721276371,0.11069235613936539
5,12,0.20990435083000003,-0.013962634015954637,0.10453249803879863
6,12,0.2099056471199999,-0.016755160819145569,0.097617408293717386
7,12,0.2099056471199999,-0.019547687622336492,0.097499403349262173
8,12,0.20990694340999999,-0.022340214425527419,0.090135894815251444
9,12,0.20990694340999999,-0.025132741228718343,0.084896475281435763
10,12,0.20990694340999999,-0.027925268031909273,0.078783819158650847
11,12,0.2099056471199999,-0.030717794835100187,0.080058272558768157
12,12,0.2099056471199999,-0.033510321638291138,0.08133272595888548
13,12,0.20990823969999992,-0.036302848441482051,0.077226153891840815
14,12,0.20990823969999992,-0.039095375244672985,0.07642372026954472
15,12,0.20990823969999992,-0.041887902047863933,0.077320557847404908
16,12,0.20990694340999999,-0.044680428851054839,0.076541725213999934
17,12,0.20990694340999999,-0.04747295565424578,0.071278704691293687
18,12,0.20990694340999999,-0.050265482457436686,0.074842454013843762
19,12,0.20990694340999999,-0.053058009260627634,0.072269946224718107
20,12,0.20990694340999999,-0.055850536063818547,0.064906437690707003
21,12,0.20990694340999999,-0.058643062867009467,0.069107413713315649
22,12,0.20990694340999999,-0.061435589670200373,0.069485029535572465
23,12,0.20990694340999999,-0.064228116473391328,0.069201817668879853
24,12,0.20990953599000001,-0.067020643276582276,0.065118846590726545
25,12,0.20990953599000001,-0.069813170079773196,0.066251694057497618
26,12,0.20990953599000001,-0.072605696882964102,0.064434417912885664
27,12,0.20990953599000001,-0.075398223686155036,0.065614467357438672
28,12,0.20990953599000001,-0.078190750489345998,0.065354856479637097
29,12,0.20990953599000001,-0.080983277292536945,0.066133689113042168
30,12,0.20990953599000001,-0.083775804095727879,0.059903028045802151
31,12,0.20990953599000001,-0.086568330898918758,0.065614467357438783
32,12,0.20990953599000001,-0.089360857702109719,0.065874078235240136
33,12,0.20990953599000001,-0.092153384505300653,0.063395974401679017
34,12,0.20990953599000001,-0.094945911308491601,0.059006190467941609
35,12,0.20990953599000001,-0.097738438111682563,0.063301570446114702
36,12,0.20990953599000001,-0.10053096491487352,0.062168722979343838
36,12,0.20990823969999992,-0.10332349171806436,0.056315677734360504
35,12,0.20991083227999993,-0.10332349171806436,0.058038549923408268
34,12,0.20991083227999993,-0.10053096491487352,0.098986265649399274
33,12,0.20991083227999993,-0.097738438111682563,0.11420890348413384
32,12,0.20991083227999993,-0.094945911308491601,0.11883469730678139
31,12,0.20991083227999993,-0.092153384505300653,0.12426292475172571
30,12,0.20991083227999993,-0.089360857702109719,0.1333493054747841
29,12,0.20991083227999993,-0.086568330898918758,0.13717266567513595
28,12,0.20991083227999993,-0.083775804095727879,0.13323130053032889
27,12,0.20991083227999993,-0.080983277292536945,0.13516658161939571
26,12,0.20991083227999993,-0.078190750489345998,0.14142084367552693
25,12,0.20990953599000001,-0.075398223686155036,0.14248288817562477
24,12,0.20990953599000001,-0.072605696882964102,0.14703787903159957
23,12,0.20990953599000001,-0.069813170079773196,0.14722668694272822
22,12,0.20990953599000001,-0.067020643276582276,0.14524420387587908
21,12,0.20990953599000001,-0.064228116473391328,0.15109724912086223
20,12,0.20990953599000001,-0.061435589670200373,0.15166367285424728
19,12,0.20990953599000001,-0.058643062867009467,0.15086123923195163
18,12,0.20990953599000001,-0.055850536063818547,0.14642425332043196
17,12,0.20990953599000001,-0.053058009260627634,0.14878435220953834
16,12,0.20990953599000001,-0.050265482457436686,0.15437778657671988
15,12,0.20990953599000001,-0.04747295565424578,0.15248970746543486
14,12,0.20990953599000001,-0.044680428851054839,0.15355175196553253
13,12,0.20991212857000002,-0.041887902047863933,0.15425978163226431
12,12,0.20991212857000002,-0.039095375244672985,0.15079043626527822
11,12,0.20991212857000002,-0.036302848441482051,0.15400017075446265
10,12,0.20991212857000002,-0.033510321638291138,0.15480260437675883
9,12,0.20991212857000002,-0.030717794835100187,0.15610065876576709
8,12,0.20991212857000002,-0.027925268031909273,0.15442498855450168
7,12,0.20991212857000002,-0.025132741228718343,0.15303253020992932
6,12,0.20990953599000001,-0.022340214425527419,0.15685589041028092
5,12,0.20991212857000002,-0.019547687622336496,0.15636026964356911
4,12,0.20991212857000002,-0.016755160819145572,0.15720990524364697
3,12,0.20991212857000002,-0.013962634015954651,0.1613636792884735
2,12,0.20991212857000002,-0.011170107212763711,0.16204810796631447
1,12,0.20991212857000002,-0.0083775804095727879,0.1638417831220354
0,12,0.20991212857000002,-0.0055850536063818635,0.16381818213314406
-1,12,0.20991212857000002,-0.0027925268031909335,0.16558825629997376
-1,12,0.20991212857000002,-6.0715321659188248e-18,0.1748162429563786
-1,12,0.20991083227999993,0.0,0.17410821328964671
-2,12,0.20991083227999993,0.0,0.17337658263402389
-3,12,0.20991083227999993,-0.0027925268031909274,0.13943836060867768
-4,12,0.20991212857000002,-0.0055850536063818549,0.12504175738513049
-5,12,0.20991083227999993,-0.0083775804095727845,0.11748944093999096
-6,12,0.20991083227999993,-0.01117010721276371,0.10734101571683466
-7,12,0.20991083227999993,-0.013962634015954637,0.10465050298325385
-8,12,0.20991083227999993,-0.016755160819145569,0.097877019171519294
-9,12,0.20991083227999993,-0.019547687622336492,0.095186506437938315
-10,12,0.20991083227999993,-0.022340214425527419,0.090796722504201149
0,13,0.20991083227999993,-0.025132741228718343,0.083999637703575353
1,13,0.21990652446999995,-0.0027925268031909274,0.1597352110549905
2,13,0.21990782075999998,-0.0055850536063818549,0.13313689657476446
3,13,0.21991170962999992,-0.0083775804095727845,0.12223323970709446
4,13,0.21991300592000002,-0.01117010721276371,0.11189600657280985
5,13,0.21991170962999992,-0.013962634015954637,0.10601936033893518
6,13,0.21991430221,-0.016755160819145569,0.098467043893795986
7,13,0.21991430221,-0.019547687622336492,0.095469718304631232
8,13,0.21991559850000003,-0.022340214425527419,0.089380663170737146
9,13,0.21991559850000003,-0.025132741228718343,0.085864115825969339
10,13,0.21991430221,-0.027925268031909273,0.078618612236413463
11,13,0.21991689478999996,-0.030717794835100187,0.080365085414351806
12,13,0.21991430221,-0.033510321638291138,0.078477006303066879
13,13,0.21991689478999996,-0.036302848441482051,0.077721774658553081
14,13,0.21991689478999996,-0.039095375244672985,0.075479680713902375
15,13,0.21991689478999996,-0.041887902047863933,0.075102064891645365
16,13,0.21991559850000003,-0.044680428851054839,0.075290872802773773
17,13,0.21991689478999996,-0.04747295565424578,0.071278704691293396
18,13,0.21991559850000003,-0.050265482457436686,0.07432323225824039
19,13,0.21991559850000003,-0.053058009260627634,0.071019093813491904
20,13,0.21991559850000003,-0.055850536063818547,0.065213250546290735
21,13,0.21991819108000005,-0.058643062867009467,0.06998065030228505
22,13,0.21991819108000005,-0.061435589670200373,0.069532231513354942
23,13,0.21991819108000005,-0.064228116473391328,0.069225418657771098
24,13,0.21991819108000005,-0.067020643276582276,0.064316412968430353
25,13,0.21991819108000005,-0.069813170079773196,0.065331255490746087
26,13,0.21991689478999996,-0.072605696882964102,0.065048043624053128
27,13,0.21991819108000005,-0.075398223686155036,0.06681811779088305
28,13,0.21991819108000005,-0.078190750489345998,0.064222009012866274
29,13,0.21991689478999996,-0.080983277292536945,0.065543664390765727
30,13,0.21991689478999996,-0.083775804095727879,0.060044633979148485
31,13,0.21991689478999996,-0.086568330898918758,0.063797191212827259
32,13,0.21991819108000005,-0.089360857702109719,0.065166048568508245
33,13,0.21991689478999996,-0.092153384505300653,0.062876752646075854
34,13,0.21991689478999996,-0.094945911308491601,0.061885511112651247
35,13,0.21991689478999996,-0.097738438111682563,0.062192323968235083
36,13,0.21991689478999996,-0.10053096491487352,0.060752663645880167
36,13,0.21991689478999996,-0.10332349171806436,0.057236116301112049
35,13,0.21991689478999996,-0.10332349171806436,0.05735412124556738
34,13,0.21991689478999996,-0.10053096491487352,0.10026071904951646
33,13,0.21991689478999996,-0.097738438111682563,0.11432690842858906
32,13,0.21991689478999996,-0.094945911308491601,0.1190707071956921
31,13,0.21991689478999996,-0.092153384505300653,0.1249945554073485
30,13,0.21991689478999996,-0.089360857702109719,0.13285368470807207
29,13,0.21991689478999996,-0.086568330898918758,0.13589821227501875
28,13,0.21991689478999996,-0.083775804095727879,0.13323130053032889
27,13,0.21991948737000003,-0.080983277292536945,0.13563860139721715
26,13,0.21991948737000003,-0.078190750489345998,0.14245928718673367
25,13,0.21991948737000003,-0.075398223686155036,0.14253009015340673
24,13,0.21991948737000003,-0.072605696882964102,0.14630624837597689
23,13,0.21991948737000003,-0.069813170079773196,0.14786391364278667
22,13,0.21991948737000003,-0.067020643276582276,0.146801869142689
21,13,0.21991948737000003,-0.064228116473391328,0.1484303373761722
20,13,0.21991948737000003,-0.061435589670200373,0.14956318484294323
19,13,0.21991948737000003,-0.058643062867009467,0.15055442637636776
18,13,0.21991948737000003,-0.055850536063818547,0.14774590869833146
17,13,0.21991948737000003,-0.053058009260627634,0.14734469188718341
16,13,0.21991948737000003,-0.050265482457436686,0.15326854009883992
15,13,0.21991819108000005,-0.04747295565424578,0.15213569263206905
14,13,0.21991948737000003,-0.044680428851054839,0.15536902811014414
13,13,0.21991819108000005,-0.041887902047863933,0.15633666865467771
12,13,0.21991819108000005,-0.039095375244672985,0.15128605703199036
11,13,0.21991819108000005,-0.036302848441482051,0.14991719967630909
10,13,0.21992078366000006,-0.033510321638291138,0.15362255493220572
9,13,0.21991819108000005,-0.030717794835100187,0.15529822514347108
8,13,0.21992078366000006,-0.027925268031909273,0.15248970746543472
7,13,0.21992078366000006,-0.025132741228718343,0.15260771240989018
6,13,0.21991819108000005,-0.022340214425527419,0.15425978163226453
5,13,0.21992078366000006,-0.019547687622336496,0.15758752106590387
4,13,0.21992078366000006,-0.016755160819145572,0.15784713194370562
3,13,0.21992078366000006,-0.013962634015954651,0.16082085654397921
2,13,0.21992078366000006,-0.011170107212763711,0.16273253664415513
1,13,0.21991948737000003,-0.0083775804095727879,0.16393618707759963
0,13,0.21991948737000003,-0.0055850536063818635,0.16457341377765811
-1,13,0.21992078366000006,-0.0027925268031909335,0.16804275914464409
-1,13,0.21991948737000003,-6.0715321659188248e-18,0.17373059746738978
-1,13,0.21991948737000003,0.0,0.17349458757847919
-2,13,0.21992078366000006,0.0,0.17396660735630037
-3,13,0.21992078366000006,-0.0027925268031909274,0.13858872500859987
-4,13,0.21992078366000006,-0.0055850536063818549,0.12364929904055813
-5,13,0.21992078366000006,-0.0083775804095727845,0.11779625379557479
-6,13,0.21991948737000003,-0.01117010721276371,0.10861546911695216
-7,13,0.21991948737000003,-0.013962634015954637,0.103140039694226
-8,13,0.21991948737000003,-0.016755160819145569,0.097003782582550144
-9,13,0.21991948737000003,-0.019547687622336492,0.094714486660117211
-10,13,0.21991948737000003,-0.022340214425527419,0.091032732393111604
